source_type,source_value,scale_factor,trajectory,trajectory_path,frame,uncertainty,volume_per_atom,max_force,max_force_model0,instant_pressure_gpa,natoms,min_distance_A,void_radius_A,normalized_void,physical_gate_status,candidate_rank_source,candidate_file,final_selected,cur_rank,cur_phase,cur_score,selected_file,singular_value,residual_norm,max_similarity_selected,max_similarity_base
rss_mini,0.0,,rss-n10-p0bar,W-potential/fcc-restart/05-rss-round-1/rss-selection/source-frames/rss-n10-p0bar.xyz,3,0.22656772512483092,16.772557435544165,0.1953181365840901,0.2052275291679579,,10,2.4414575785532637,2.1220461317286654,0.8290010074541091,passed,1,rss-n10-p0bar_frame00000003_U0.226568.poscar,True,7,cur-fill,0.03182039946,000007.poscar,0.02339051972,0.004345505026,0.9946338431,0.9999269817
rss_mini,0.0,,rss-n10-p0bar,W-potential/fcc-restart/05-rss-round-1/rss-selection/source-frames/rss-n10-p0bar.xyz,12,0.22367448079736996,17.447503733495616,0.19508160969987734,0.2732784836524284,,10,2.5335382070912953,2.3623169309468777,0.9108084741210846,passed,2,rss-n10-p0bar_frame00000012_U0.223674.poscar,True,52,cur-fill,0.09337018052,000052.poscar,3.775960293e-05,1.448418028e-05,0.9990199978,0.9999072485
rss_mini,20.0,,rss-n10-p200000bar,W-potential/fcc-restart/05-rss-round-1/rss-selection/source-frames/rss-n10-p200000bar.xyz,3,0.22518041149565418,15.66911749778276,0.2714897315755842,0.28903075143552387,,10,2.3851769706867896,2.059293051569788,0.8229434160966053,passed,1,rss-n10-p200000bar_frame00000003_U0.225180.poscar,False,,,,,,,,0.9999679772
rss_mini,20.0,,rss-n10-p200000bar,W-potential/fcc-restart/05-rss-round-1/rss-selection/source-frames/rss-n10-p200000bar.xyz,12,0.34220904099554206,15.922935949737695,0.4686637571905648,0.381091147487691,,10,2.4365215135057157,2.266901680209399,0.9010695248960671,passed,2,rss-n10-p200000bar_frame00000012_U0.342209.poscar,True,36,cur-fill,0.05000281948,000036.poscar,0.0003022511361,8.933273743e-05,0.9976715422,0.9999656805
rss_mini,20.0,,rss-n10-p200000bar,W-potential/fcc-restart/05-rss-round-1/rss-selection/source-frames/rss-n10-p200000bar.xyz,37,0.24118736147469283,16.070819560856542,0.2938622622371099,0.3522605011648837,,10,2.3829822601778035,2.377020960893369,0.9419337028015683,passed,5,rss-n10-p200000bar_frame00000037_U0.241187.poscar,False,,,,,,,,0.99994001
rss_mini,20.0,,rss-n10-p200000bar,W-potential/fcc-restart/05-rss-round-1/rss-selection/source-frames/rss-n10-p200000bar.xyz,45,0.22915876437756258,15.72639344106651,0.3882953036784292,0.3414613696051365,,10,2.526955670552726,2.0715281503602188,0.8268266391449072,passed,7,rss-n10-p200000bar_frame00000045_U0.229159.poscar,True,60,cur-fill,0.06503914374,000060.poscar,1.334987508e-05,3.897158341e-06,0.9981145708,0.9999531247
rss_mini,20.0,,rss-n10-p200000bar,W-potential/fcc-restart/05-rss-round-1/rss-selection/source-frames/rss-n10-p200000bar.xyz,46,0.21901368319364883,14.930804098498896,1.3719870590072982,1.2853373264977805,,10,2.642767563965898,1.7695317315996986,0.7186166727676199,passed,8,rss-n10-p200000bar_frame00000046_U0.219014.poscar,False,,,,,,,,0.9995974355
rss_mini,40.0,,rss-n10-p400000bar,W-potential/fcc-restart/05-rss-round-1/rss-selection/source-frames/rss-n10-p400000bar.xyz,3,0.323603366534771,14.853639569766816,0.2539786499826681,0.4304603380433801,,10,2.341603929326228,2.0434242657204815,0.8312804863105693,passed,1,rss-n10-p400000bar_frame00000003_U0.323603.poscar,True,38,cur-fill,0.07256796201,000038.poscar,0.0002530966959,8.592610952e-05,0.9938746111,0.9999630171
rss_mini,40.0,,rss-n10-p400000bar,W-potential/fcc-restart/05-rss-round-1/rss-selection/source-frames/rss-n10-p400000bar.xyz,4,0.44351617072535254,14.789658526608514,0.6607681867007076,1.1826191719787675,,10,2.377404122655655,2.0757386585328885,0.8456421559038485,passed,2,rss-n10-p400000bar_frame00000004_U0.443516.poscar,True,70,cur-fill,0.0386442059,000070.poscar,3.804983216e-06,9.198240219e-07,0.9989062696,0.9999620538
rss_mini,40.0,,rss-n10-p400000bar,W-potential/fcc-restart/05-rss-round-1/rss-selection/source-frames/rss-n10-p400000bar.xyz,8,0.22504714686237468,15.032179795186698,0.22090644145035226,0.2515836963067649,,10,2.3854429964907697,2.0754518657836583,0.8409535567803553,passed,3,rss-n10-p400000bar_frame00000008_U0.225047.poscar,True,6,cur-fill,0.02680601798,000006.poscar,0.03822158023,0.006548693633,0.9723002077,0.9999744869
rss_mini,40.0,,rss-n10-p400000bar,W-potential/fcc-restart/05-rss-round-1/rss-selection/source-frames/rss-n10-p400000bar.xyz,12,0.5142198801466827,14.945484112969648,0.6150679323340532,0.4084325671768945,,10,2.3509307309676135,2.0928147818388294,0.8496253563023473,passed,4,rss-n10-p400000bar_frame00000012_U0.514220.poscar,False,,,,,,,,0.9999777661
rss_mini,40.0,,rss-n10-p400000bar,W-potential/fcc-restart/05-rss-round-1/rss-selection/source-frames/rss-n10-p400000bar.xyz,14,0.26299264907081715,14.75853739294875,0.3851665022578728,0.3501953691709117,,10,2.396227115569803,1.9458866744146295,0.7932981423999438,passed,5,rss-n10-p400000bar_frame00000014_U0.262993.poscar,True,96,cur-fill,0.01310328501,000096.poscar,3.574930971e-06,6.434625573e-07,0.9994604701,0.9999425974
rss_mini,40.0,,rss-n10-p400000bar,W-potential/fcc-restart/05-rss-round-1/rss-selection/source-frames/rss-n10-p400000bar.xyz,22,0.2231928439323559,14.998205821273967,0.31806278711173336,0.6135588790519065,,10,2.370173729881019,2.0201720903605893,0.8191723101847536,passed,6,rss-n10-p400000bar_frame00000022_U0.223193.poscar,True,39,cur-fill,0.03881283831,000039.poscar,0.000231909685,5.12890676e-05,0.9981607915,0.9999750357
rss_mini,40.0,,rss-n10-p400000bar,W-potential/fcc-restart/05-rss-round-1/rss-selection/source-frames/rss-n10-p400000bar.xyz,25,0.25791875788045726,15.173066150608577,0.3115912970791873,0.6865707196049935,,10,2.4096284958996654,2.270085348387449,0.916961430406672,passed,7,rss-n10-p400000bar_frame00000025_U0.257919.poscar,True,72,cur-fill,0.03468823315,000072.poscar,3.804983216e-06,8.622116087e-07,0.9979312031,0.9999657825
rss_mini,40.0,,rss-n10-p400000bar,W-potential/fcc-restart/05-rss-round-1/rss-selection/source-frames/rss-n10-p400000bar.xyz,37,0.34099849284957934,15.147845840204212,0.41667720923353885,0.4499709962963683,,10,2.32791429607889,2.2876674427446875,0.9245759646302231,passed,8,rss-n10-p400000bar_frame00000037_U0.340998.poscar,True,62,cur-fill,0.06872388039,000062.poscar,1.077937003e-05,3.233764463e-06,0.9978541295,0.9999634837
rss_mini,40.0,,rss-n10-p400000bar,W-potential/fcc-restart/05-rss-round-1/rss-selection/source-frames/rss-n10-p400000bar.xyz,38,0.2347663252151183,14.29382850134544,0.9824051932354354,1.1243744770185138,,10,2.614636266584929,1.7292650899265596,0.7125445977141835,passed,9,rss-n10-p400000bar_frame00000038_U0.234766.poscar,True,24,cur-fill,0.02916492411,000024.poscar,0.001293382873,0.0003318663284,0.9980737935,0.999587692
rss_mini,40.0,,rss-n10-p400000bar,W-potential/fcc-restart/05-rss-round-1/rss-selection/source-frames/rss-n10-p400000bar.xyz,45,0.2910563562254742,14.804062850475216,0.3476909578736689,0.34641162125531083,,10,2.522491323202726,1.9804774172499586,0.806571590973441,passed,10,rss-n10-p400000bar_frame00000045_U0.291056.poscar,False,,,,,,,,0.9999624746
rss_mini,0.0,,rss-n12-p0bar,W-potential/fcc-restart/05-rss-round-1/rss-selection/source-frames/rss-n12-p0bar.xyz,16,0.21182749651630822,16.821387339247757,0.24435090357408323,0.37290822272953855,,12,2.5221855192029574,2.094670314524047,0.8175137656246871,passed,2,rss-n12-p0bar_frame00000016_U0.211827.poscar,False,,,,,,,,0.9997583385
rss_mini,0.0,,rss-n12-p0bar,W-potential/fcc-restart/05-rss-round-1/rss-selection/source-frames/rss-n12-p0bar.xyz,38,0.21676870470864673,16.57975858690158,0.7436748983330267,0.7569655364706489,,12,2.4055015634413195,2.0196042941686505,0.7920274214009475,passed,3,rss-n12-p0bar_frame00000038_U0.216769.poscar,True,45,cur-fill,0.03716094653,000045.poscar,0.0001099082664,2.99775786e-05,0.9979525388,0.9998904511
rss_mini,20.0,,rss-n12-p200000bar,W-potential/fcc-restart/05-rss-round-1/rss-selection/source-frames/rss-n12-p200000bar.xyz,7,0.21962654072732093,15.355968936937591,0.11559071728768695,0.11596380472240607,,12,2.575306657900087,1.9597087787405876,0.7884348208804397,passed,1,rss-n12-p200000bar_frame00000007_U0.219627.poscar,True,8,cur-fill,0.03087724365,000008.poscar,0.01490732517,0.003788098499,0.9916413988,0.9999173297
rss_mini,20.0,,rss-n12-p200000bar,W-potential/fcc-restart/05-rss-round-1/rss-selection/source-frames/rss-n12-p200000bar.xyz,31,0.20788825263093164,16.00242346809843,0.19988781403375555,0.2304552086121342,,12,2.3721893198713366,2.183886009919495,0.8666319842783706,passed,2,rss-n12-p200000bar_frame00000031_U0.207888.poscar,True,76,cur-fill,0.02501130452,000076.poscar,3.804983216e-06,8.035634572e-07,0.9991205668,0.9999680576
rss_mini,20.0,,rss-n12-p200000bar,W-potential/fcc-restart/05-rss-round-1/rss-selection/source-frames/rss-n12-p200000bar.xyz,33,0.23124427325014132,14.955804113058052,1.4968681185516919,1.5199028095564207,,12,2.6237221973640685,1.770210339100456,0.7184914706018021,passed,3,rss-n12-p200000bar_frame00000033_U0.231244.poscar,True,21,cur-fill,0.03973708507,000021.poscar,0.002146670253,0.0004633628148,0.9959503225,0.9996586311
rss_mini,20.0,,rss-n12-p200000bar,W-potential/fcc-restart/05-rss-round-1/rss-selection/source-frames/rss-n12-p200000bar.xyz,38,0.24305988514047794,15.493164393389854,0.6019291586016154,0.6413098569890704,,12,2.372042853698705,1.9637002068446077,0.7877017485300147,passed,4,rss-n12-p200000bar_frame00000038_U0.243060.poscar,False,,,,,,,,0.9999425071
rss_mini,40.0,,rss-n12-p400000bar,W-potential/fcc-restart/05-rss-round-1/rss-selection/source-frames/rss-n12-p400000bar.xyz,7,0.2709685474053514,14.621136430847733,0.11787929785629638,0.23750331394471136,,12,2.540285245061498,1.9260197520457505,0.7876507547103317,passed,1,rss-n12-p400000bar_frame00000007_U0.270969.poscar,False,,,,,,,,0.9998870435
rss_mini,40.0,,rss-n12-p400000bar,W-potential/fcc-restart/05-rss-round-1/rss-selection/source-frames/rss-n12-p400000bar.xyz,24,0.2585345763098586,14.80330325724541,0.6605210821072802,0.9327085262692622,,12,2.410420689015425,1.9495879335210504,0.7940050833599714,passed,2,rss-n12-p400000bar_frame00000024_U0.258535.poscar,False,,,,,,,,0.9999279582
rss_mini,40.0,,rss-n12-p400000bar,W-potential/fcc-restart/05-rss-round-1/rss-selection/source-frames/rss-n12-p400000bar.xyz,26,0.22307285019616796,14.60659318269447,2.4042820859335468,2.4619070543999024,,12,2.410283035744483,1.8911576683310027,0.7736504102800161,passed,3,rss-n12-p400000bar_frame00000026_U0.223073.poscar,False,,,,,,,,0.9998459094
rss_mini,40.0,,rss-n12-p400000bar,W-potential/fcc-restart/05-rss-round-1/rss-selection/source-frames/rss-n12-p400000bar.xyz,31,0.24515898082588905,15.036998288939975,0.37241488805705086,0.43516403092237,,12,2.337923524644397,2.1174560420868453,0.8578816000753892,passed,4,rss-n12-p400000bar_frame00000031_U0.245159.poscar,True,75,cur-fill,0.02532897869,000075.poscar,3.804983216e-06,7.308688696e-07,0.9990806688,0.9999615338
rss_mini,40.0,,rss-n12-p400000bar,W-potential/fcc-restart/05-rss-round-1/rss-selection/source-frames/rss-n12-p400000bar.xyz,37,0.29348309659575594,14.386042421112073,1.7044390145391195,1.5519506212556942,,12,2.5845971936654943,1.812924825216394,0.7454170985339004,passed,5,rss-n12-p400000bar_frame00000037_U0.293483.poscar,True,28,cur-fill,0.03259137376,000028.poscar,0.000843962259,0.0001823228915,0.9910334561,0.9998585545
rss_mini,40.0,,rss-n12-p400000bar,W-potential/fcc-restart/05-rss-round-1/rss-selection/source-frames/rss-n12-p400000bar.xyz,38,0.2549086389928302,14.666472569908427,0.8501750595314065,0.8760686091008986,,12,2.3976404423964803,1.9364669023737253,0.7911063195033978,passed,6,rss-n12-p400000bar_frame00000038_U0.254909.poscar,True,98,cur-fill,0.01134708958,000098.poscar,3.574930971e-06,7.040775719e-07,0.9944495399,0.999932546
rss_mini,40.0,,rss-n12-p400000bar,W-potential/fcc-restart/05-rss-round-1/rss-selection/source-frames/rss-n12-p400000bar.xyz,42,0.2281563278286242,14.71869007685826,0.24491025554694615,0.314608519685921,,12,2.4441466476723774,1.9447675326175378,0.7935567228134801,passed,7,rss-n12-p400000bar_frame00000042_U0.228156.poscar,False,,,,,,,,0.9999350233
rss_mini,40.0,,rss-n12-p400000bar,W-potential/fcc-restart/05-rss-round-1/rss-selection/source-frames/rss-n12-p400000bar.xyz,45,0.3173205028264571,15.077127687709918,0.8368654914354,1.0593913274834088,,12,2.5260003145535923,2.3292157484823464,0.9428374983574527,passed,8,rss-n12-p400000bar_frame00000045_U0.317321.poscar,False,,,,,,,,0.9998540338
rss_mini,0.0,,rss-n15-p0bar,W-potential/fcc-restart/05-rss-round-1/rss-selection/source-frames/rss-n15-p0bar.xyz,9,0.21380847768532094,16.963310290076027,0.2594333868066014,0.4403640245474971,,15,2.5136374798415435,2.19082710959764,0.8526508661735922,passed,3,rss-n15-p0bar_frame00000009_U0.213808.poscar,True,2,cur-fill,0.02470277327,000002.poscar,0.1311338856,0.02173125152,0.9787290299,0.9998270665
rss_mini,0.0,,rss-n15-p0bar,W-potential/fcc-restart/05-rss-round-1/rss-selection/source-frames/rss-n15-p0bar.xyz,15,0.2339584306627862,16.76302360003115,0.3723913697126108,0.42696112048487506,,15,2.525422036566803,2.1037553825841493,0.8220113005291015,passed,5,rss-n15-p0bar_frame00000015_U0.233958.poscar,True,23,cur-fill,0.05836638647,000023.poscar,0.001748831867,0.0004774691828,0.9989969672,0.9997482141
rss_mini,0.0,,rss-n15-p0bar,W-potential/fcc-restart/05-rss-round-1/rss-selection/source-frames/rss-n15-p0bar.xyz,21,0.24413520286102192,16.4750574389884,0.306244401323922,0.3411311516431301,,15,2.5815438042380947,2.044709245134185,0.8035679033066436,passed,7,rss-n15-p0bar_frame00000021_U0.244135.poscar,False,,,,,,,,0.9997929558
rss_mini,0.0,,rss-n15-p0bar,W-potential/fcc-restart/05-rss-round-1/rss-selection/source-frames/rss-n15-p0bar.xyz,34,0.22251484567286658,16.682095581572717,0.3061771651402407,0.3598911466924554,,15,2.516050466277473,2.0574836942033166,0.8052292340352523,passed,12,rss-n15-p0bar_frame00000034_U0.222515.poscar,False,,,,,,,,0.9998707129
rss_mini,0.0,,rss-n15-p0bar,W-potential/fcc-restart/05-rss-round-1/rss-selection/source-frames/rss-n15-p0bar.xyz,35,0.21113138127079378,16.61855588287525,1.6358814110044553,1.6556814060416858,,15,2.608595589564595,2.230050675580116,0.8738769913262483,passed,13,rss-n15-p0bar_frame00000035_U0.211131.poscar,True,32,cur-fill,0.06361233724,000032.poscar,0.0005000105708,0.0001386311181,0.9971912333,0.999793707
rss_mini,0.0,,rss-n15-p0bar,W-potential/fcc-restart/05-rss-round-1/rss-selection/source-frames/rss-n15-p0bar.xyz,40,0.25433310098708745,16.423740709118746,0.27828040002976456,0.41491964989700497,,15,2.497443619584755,1.986492260095899,0.7815009625807945,passed,15,rss-n15-p0bar_frame00000040_U0.254333.poscar,True,95,cur-fill,0.01357656372,000095.poscar,3.574930971e-06,5.359606211e-07,0.9994436261,0.9998837269
rss_mini,20.0,,rss-n15-p200000bar,W-potential/fcc-restart/05-rss-round-1/rss-selection/source-frames/rss-n15-p200000bar.xyz,9,0.24619419792379096,15.591914571357632,0.669457917967975,0.627150194957111,,15,2.4669377834748785,2.03026674147075,0.812680710243372,passed,5,rss-n15-p200000bar_frame00000009_U0.246194.poscar,False,,,,,,,,0.9999417172
rss_mini,20.0,,rss-n15-p200000bar,W-potential/fcc-restart/05-rss-round-1/rss-selection/source-frames/rss-n15-p200000bar.xyz,15,0.27391277376060036,15.543274699287442,0.40321852657517465,0.5509567356220416,,15,2.462622670619482,1.973567455259369,0.7908081456462862,passed,9,rss-n15-p200000bar_frame00000015_U0.273913.poscar,False,,,,,,,,0.9999338941
rss_mini,20.0,,rss-n15-p200000bar,W-potential/fcc-restart/05-rss-round-1/rss-selection/source-frames/rss-n15-p200000bar.xyz,21,0.27981275997218374,15.39337293104876,0.2729949331328506,0.2556983074405421,,15,2.503993603999494,1.9673669375401555,0.790874254811739,passed,12,rss-n15-p200000bar_frame00000021_U0.279813.poscar,False,,,,,,,,0.9998522296
rss_mini,20.0,,rss-n15-p200000bar,W-potential/fcc-restart/05-rss-round-1/rss-selection/source-frames/rss-n15-p200000bar.xyz,24,0.21825231714205184,15.68804225480127,0.3697350890182151,0.6758399315796111,,15,2.4744011689020358,2.1067182352249207,0.8415570016419129,passed,15,rss-n15-p200000bar_frame00000024_U0.218252.poscar,True,49,cur-fill,0.09003201953,000049.poscar,5.371107993e-05,1.833975193e-05,0.9983001898,0.9999526625
rss_mini,20.0,,rss-n15-p200000bar,W-potential/fcc-restart/05-rss-round-1/rss-selection/source-frames/rss-n15-p200000bar.xyz,30,0.2118204176838008,15.563357056708425,0.5011671418989402,0.6241045258318797,,15,2.4617936908950067,1.9325269243481864,0.7740299989833122,passed,21,rss-n15-p200000bar_frame00000030_U0.211820.poscar,False,,,,,,,,0.9999002032
rss_mini,20.0,,rss-n15-p200000bar,W-potential/fcc-restart/05-rss-round-1/rss-selection/source-frames/rss-n15-p200000bar.xyz,34,0.34125414775326723,15.52079134404754,0.4638639891131361,0.4028385257425013,,15,2.4759180349247703,1.973568549059661,0.7911902537292511,passed,22,rss-n15-p200000bar_frame00000034_U0.341254.poscar,False,,,,,,,,0.9998546699
rss_mini,20.0,,rss-n15-p200000bar,W-potential/fcc-restart/05-rss-round-1/rss-selection/source-frames/rss-n15-p200000bar.xyz,37,0.24376899741198013,15.630033753569412,0.8198002150604217,0.8413079333383114,,15,2.536479622635788,2.3518308275006934,0.9406313305108421,passed,24,rss-n15-p200000bar_frame00000037_U0.243769.poscar,False,,,,,,,,0.9996910381
rss_mini,20.0,,rss-n15-p200000bar,W-potential/fcc-restart/05-rss-round-1/rss-selection/source-frames/rss-n15-p200000bar.xyz,40,0.26823265558905063,15.370363229919933,0.3317824498109,0.39260851126200486,,15,2.454061406046859,1.9592387033195686,0.7879995589965177,passed,25,rss-n15-p200000bar_frame00000040_U0.268233.poscar,False,,,,,,,,0.9998962353
rss_mini,20.0,,rss-n15-p200000bar,W-potential/fcc-restart/05-rss-round-1/rss-selection/source-frames/rss-n15-p200000bar.xyz,43,0.23335990091872202,15.511297640495053,0.3879300998086421,0.5082560980674087,,15,2.4614768857366847,1.9477753485994753,0.7810092086434545,passed,27,rss-n15-p200000bar_frame00000043_U0.233360.poscar,True,64,cur-fill,0.03703990562,000064.poscar,8.740455687e-06,2.104110835e-06,0.9986901195,0.9998633635
rss_mini,40.0,,rss-n15-p400000bar,W-potential/fcc-restart/05-rss-round-1/rss-selection/source-frames/rss-n15-p400000bar.xyz,4,0.21476515079266983,14.776207427288659,0.5872010300953862,0.6436279351964244,,15,2.300764089447928,1.947350123280651,0.7935781762883151,passed,4,rss-n15-p400000bar_frame00000004_U0.214765.poscar,False,,,,,,,,0.9999140473
rss_mini,40.0,,rss-n15-p400000bar,W-potential/fcc-restart/05-rss-round-1/rss-selection/source-frames/rss-n15-p400000bar.xyz,5,0.21884054671200243,14.789479130021409,0.30154165021205814,0.5770896330729808,,15,2.4025831973018366,2.065194570308445,0.8413499661613478,passed,5,rss-n15-p400000bar_frame00000005_U0.218841.poscar,False,,,,,,,,0.9999598271
rss_mini,40.0,,rss-n15-p400000bar,W-potential/fcc-restart/05-rss-round-1/rss-selection/source-frames/rss-n15-p400000bar.xyz,9,0.2790958240132018,14.765999999248187,0.5188333393618193,0.6558201167603371,,15,2.4379412566546974,1.932430419519968,0.7876795627209445,passed,7,rss-n15-p400000bar_frame00000009_U0.279096.poscar,False,,,,,,,,0.9999596858
rss_mini,40.0,,rss-n15-p400000bar,W-potential/fcc-restart/05-rss-round-1/rss-selection/source-frames/rss-n15-p400000bar.xyz,12,0.2499445000578234,14.746754990267972,0.539315756287009,0.5062625102173827,,15,2.4472654805589387,1.9419686327610717,0.791911632702122,passed,10,rss-n15-p400000bar_frame00000012_U0.249945.poscar,False,,,,,,,,0.9999374278
rss_mini,40.0,,rss-n15-p400000bar,W-potential/fcc-restart/05-rss-round-1/rss-selection/source-frames/rss-n15-p400000bar.xyz,13,0.3282436426345735,14.978264644035018,0.2652279209419459,0.4259463806568123,,15,2.3800689653132943,2.0050095417693146,0.8133845968467572,passed,11,rss-n15-p400000bar_frame00000013_U0.328244.poscar,True,11,cur-fill,0.0236826814,000011.poscar,0.01005919189,0.001707327534,0.994550389,0.9999655698
rss_mini,40.0,,rss-n15-p400000bar,W-potential/fcc-restart/05-rss-round-1/rss-selection/source-frames/rss-n15-p400000bar.xyz,15,0.3052002852156633,14.746726587777044,0.5275096475921743,0.7284067171954179,,15,2.4435747356288067,1.9095473454577117,0.7786911185844566,passed,12,rss-n15-p400000bar_frame00000015_U0.305200.poscar,False,,,,,,,,0.9999439793
rss_mini,40.0,,rss-n15-p400000bar,W-potential/fcc-restart/05-rss-round-1/rss-selection/source-frames/rss-n15-p400000bar.xyz,16,0.25393306014144923,14.861920823840173,0.5019380860835327,0.7485878198643892,,15,2.3788484390161035,1.9296792412237764,0.7848623151851077,passed,13,rss-n15-p400000bar_frame00000016_U0.253933.poscar,False,,,,,,,,0.9999813569
rss_mini,40.0,,rss-n15-p400000bar,W-potential/fcc-restart/05-rss-round-1/rss-selection/source-frames/rss-n15-p400000bar.xyz,21,0.3512415995970311,14.578747796288798,0.3986965451574126,0.349823044738406,,15,2.4671834120685188,1.890488514060562,0.7738687367267023,passed,16,rss-n15-p400000bar_frame00000021_U0.351242.poscar,True,92,cur-fill,0.01457304901,000092.poscar,3.574930971e-06,5.454049129e-07,0.9983289599,0.9998772459
rss_mini,40.0,,rss-n15-p400000bar,W-potential/fcc-restart/05-rss-round-1/rss-selection/source-frames/rss-n15-p400000bar.xyz,22,0.26727363859798536,14.943667451393742,0.46395216627872077,0.597429318514684,,15,2.3688217495771573,2.3305342219178304,0.9461712619363976,passed,17,rss-n15-p400000bar_frame00000022_U0.267274.poscar,False,,,,,,,,0.9999534471
rss_mini,40.0,,rss-n15-p400000bar,W-potential/fcc-restart/05-rss-round-1/rss-selection/source-frames/rss-n15-p400000bar.xyz,23,0.33809439011653286,14.55501992372792,0.38379013622509883,0.40352967005010165,,15,2.4594904555259243,1.922066427695915,0.7872224273324859,passed,18,rss-n15-p400000bar_frame00000023_U0.338094.poscar,False,,,,,,,,0.9998632204
rss_mini,40.0,,rss-n15-p400000bar,W-potential/fcc-restart/05-rss-round-1/rss-selection/source-frames/rss-n15-p400000bar.xyz,30,0.23605824499896208,14.75205110528661,1.1831145065670106,1.2941900393050128,,15,2.4158726389384033,1.9416899095078415,0.7917032072181657,passed,24,rss-n15-p400000bar_frame00000030_U0.236058.poscar,False,,,,,,,,0.9999408894
rss_mini,40.0,,rss-n15-p400000bar,W-potential/fcc-restart/05-rss-round-1/rss-selection/source-frames/rss-n15-p400000bar.xyz,34,0.40622107531293894,14.673697596972879,0.6378013800770393,0.4494285786487452,,15,2.4485952930046753,1.9519420239359488,0.7972974822681863,passed,25,rss-n15-p400000bar_frame00000034_U0.406221.poscar,True,27,cur-fill,0.05602654688,000027.poscar,0.001004023938,0.0002651776465,0.9951684455,0.9998682263
rss_mini,40.0,,rss-n15-p400000bar,W-potential/fcc-restart/05-rss-round-1/rss-selection/source-frames/rss-n15-p400000bar.xyz,35,0.25439337325731826,14.63019950195041,0.35233827886875585,0.4295215813948828,,15,2.400197899705221,1.9253840097637829,0.7872281425373645,passed,26,rss-n15-p400000bar_frame00000035_U0.254393.poscar,False,,,,,,,,0.9999188136
rss_mini,40.0,,rss-n15-p400000bar,W-potential/fcc-restart/05-rss-round-1/rss-selection/source-frames/rss-n15-p400000bar.xyz,37,0.2307300715058239,14.814889549963032,0.9936031750005605,1.0388593873058847,,15,2.4687217419731278,2.222167703445696,0.9047821527636083,passed,28,rss-n15-p400000bar_frame00000037_U0.230730.poscar,False,,,,,,,,0.9998261153
rss_mini,40.0,,rss-n15-p400000bar,W-potential/fcc-restart/05-rss-round-1/rss-selection/source-frames/rss-n15-p400000bar.xyz,38,0.26113346114572605,14.642908639236015,0.3042499473936565,0.38728533625121264,,15,2.3971419835880234,1.899518086754179,0.7764276307741196,passed,29,rss-n15-p400000bar_frame00000038_U0.261133.poscar,False,,,,,,,,0.999918893
rss_mini,40.0,,rss-n15-p400000bar,W-potential/fcc-restart/05-rss-round-1/rss-selection/source-frames/rss-n15-p400000bar.xyz,39,0.23219967886003032,14.810525469051942,0.47193909738895334,0.6093720717816964,,15,2.451947830218744,2.0473386919404715,0.8336802983660272,passed,30,rss-n15-p400000bar_frame00000039_U0.232200.poscar,True,97,cur-fill,0.01269460006,000097.poscar,3.574930971e-06,4.761990569e-07,0.9993774386,0.9999535229
rss_mini,40.0,,rss-n15-p400000bar,W-potential/fcc-restart/05-rss-round-1/rss-selection/source-frames/rss-n15-p400000bar.xyz,40,0.29114626114658837,14.59857924068925,0.4054594624008488,0.42332943127711503,,15,2.4137681610976496,1.8844075368580122,0.7710300456548218,passed,31,rss-n15-p400000bar_frame00000040_U0.291146.poscar,False,,,,,,,,0.9998971611
rss_mini,40.0,,rss-n15-p400000bar,W-potential/fcc-restart/05-rss-round-1/rss-selection/source-frames/rss-n15-p400000bar.xyz,41,0.2167693455741417,14.924092092077002,0.8227797717740714,0.8602580935060948,,15,2.4876523134612483,2.28806901495051,0.9293368251709776,passed,32,rss-n15-p400000bar_frame00000041_U0.216769.poscar,False,,,,,,,,0.9999029023
rss_mini,40.0,,rss-n15-p400000bar,W-potential/fcc-restart/05-rss-round-1/rss-selection/source-frames/rss-n15-p400000bar.xyz,43,0.25770699286542037,14.746515957211152,0.8474034752078367,0.9397385090119005,,15,2.346463803291314,1.9455377629898807,0.7933713680756701,passed,34,rss-n15-p400000bar_frame00000043_U0.257707.poscar,False,,,,,,,,0.9999061109
rss_mini,40.0,,rss-n15-p400000bar,W-potential/fcc-restart/05-rss-round-1/rss-selection/source-frames/rss-n15-p400000bar.xyz,45,0.27349004240483243,14.957943324110367,0.43815969073779226,0.2920314172409197,,15,2.3677865057674685,2.0199184516656667,0.8198037023296132,passed,35,rss-n15-p400000bar_frame00000045_U0.273490.poscar,True,47,cur-fill,0.04020483846,000047.poscar,7.074023131e-05,2.107118987e-05,0.9967011422,0.999964232
rss_mini,0.0,,rss-n18-p0bar,W-potential/fcc-restart/05-rss-round-1/rss-selection/source-frames/rss-n18-p0bar.xyz,19,0.21823862546544187,16.92343134331502,0.3364158024924724,0.4018452976346706,,18,2.5218087093458363,2.1999412757343415,0.8568700175122994,passed,2,rss-n18-p0bar_frame00000019_U0.218239.poscar,False,,,,,,,,0.9997840019
rss_mini,0.0,,rss-n18-p0bar,W-potential/fcc-restart/05-rss-round-1/rss-selection/source-frames/rss-n18-p0bar.xyz,28,0.2616978144330099,16.501546638038057,0.7625764951849543,0.9115102377219221,,18,2.5244560200872517,2.018524216276646,0.7928525249928129,passed,4,rss-n18-p0bar_frame00000028_U0.261698.poscar,True,40,cur-fill,0.05546578843,000040.poscar,0.0002111033445,5.214943031e-05,0.9972817142,0.9998432164
rss_mini,20.0,,rss-n18-p200000bar,W-potential/fcc-restart/05-rss-round-1/rss-selection/source-frames/rss-n18-p200000bar.xyz,10,0.2291205264011148,15.396550963454663,0.38749679114743835,0.3846160142937864,,18,2.3806217989003082,1.9403421523427056,0.7799567192882576,passed,3,rss-n18-p200000bar_frame00000010_U0.229121.poscar,False,,,,,,,,0.9999094941
rss_mini,20.0,,rss-n18-p200000bar,W-potential/fcc-restart/05-rss-round-1/rss-selection/source-frames/rss-n18-p200000bar.xyz,18,0.20927690114273861,15.454895561981695,0.9875912436316467,1.06243100192714,,18,2.4387446222414293,1.9940658876069266,0.8005420442735269,passed,4,rss-n18-p200000bar_frame00000018_U0.209277.poscar,False,,,,,,,,0.9999585203
rss_mini,20.0,,rss-n18-p200000bar,W-potential/fcc-restart/05-rss-round-1/rss-selection/source-frames/rss-n18-p200000bar.xyz,24,0.20946769848005486,15.872400270479895,0.2487587622987534,0.3069438899474338,,18,2.542936225669074,2.3562602253707254,0.9375815442298948,passed,5,rss-n18-p200000bar_frame00000024_U0.209468.poscar,True,3,cur-fill,0.03390184945,000003.poscar,0.09507373243,0.02091478515,0.969283883,0.9999221641
rss_mini,20.0,,rss-n18-p200000bar,W-potential/fcc-restart/05-rss-round-1/rss-selection/source-frames/rss-n18-p200000bar.xyz,28,0.2186931923763445,15.377768785484964,0.6974644960029219,0.5330193305175356,,18,2.3937502089430476,2.0747320903747783,0.8343166591787853,passed,6,rss-n18-p200000bar_frame00000028_U0.218693.poscar,True,43,cur-fill,0.07466889327,000043.poscar,0.0001203326187,3.539683954e-05,0.997411443,0.9999278676
rss_mini,20.0,,rss-n18-p200000bar,W-potential/fcc-restart/05-rss-round-1/rss-selection/source-frames/rss-n18-p200000bar.xyz,29,0.27971559876583657,15.803770706947871,0.5906411910254076,0.8844290630981109,,18,2.4375543842509866,2.112861014702305,0.841945583541827,passed,7,rss-n18-p200000bar_frame00000029_U0.279716.poscar,False,,,,,,,,0.9999643525
rss_mini,20.0,,rss-n18-p200000bar,W-potential/fcc-restart/05-rss-round-1/rss-selection/source-frames/rss-n18-p200000bar.xyz,30,0.2380968808888612,15.973320044144224,0.6696551915829462,0.6842393538440781,,18,2.4115243198922576,2.105558742633942,0.8360565066044489,passed,8,rss-n18-p200000bar_frame00000030_U0.238097.poscar,True,50,cur-fill,0.05105815089,000050.poscar,5.055196997e-05,1.236079268e-05,0.9990520468,0.9999665058
rss_mini,20.0,,rss-n18-p200000bar,W-potential/fcc-restart/05-rss-round-1/rss-selection/source-frames/rss-n18-p200000bar.xyz,31,0.25019320907384307,15.091097203986363,2.0194664381149643,2.0794016244447673,,18,2.552689501926123,1.8439624478288317,0.7461826274244373,passed,9,rss-n18-p200000bar_frame00000031_U0.250193.poscar,True,19,cur-fill,0.03556537315,000019.poscar,0.002948909,0.0006213407905,0.9964127204,0.999684711
rss_mini,20.0,,rss-n18-p200000bar,W-potential/fcc-restart/05-rss-round-1/rss-selection/source-frames/rss-n18-p200000bar.xyz,36,0.3069068984511304,15.975178465544104,0.43855053375992864,0.5128515615668853,,18,2.4275931705584135,2.367560252679117,0.9400532764532592,passed,10,rss-n18-p200000bar_frame00000036_U0.306907.poscar,False,,,,,,,,0.9999506464
rss_mini,20.0,,rss-n18-p200000bar,W-potential/fcc-restart/05-rss-round-1/rss-selection/source-frames/rss-n18-p200000bar.xyz,45,0.210250344047105,15.311685759582762,0.5589981908164383,0.535230908113888,,18,2.5728853799166562,1.8606225754555292,0.749291173784542,passed,12,rss-n18-p200000bar_frame00000045_U0.210250.poscar,True,13,cur-fill,0.07650872053,000013.poscar,0.007641942858,0.003017111426,0.9975907469,0.9997948938
rss_mini,20.0,,rss-n18-p200000bar,W-potential/fcc-restart/05-rss-round-1/rss-selection/source-frames/rss-n18-p200000bar.xyz,49,0.2348398824057844,15.592158040505032,0.4320501121957959,0.44734281270592763,,18,2.4730155808741423,1.9696693502895715,0.7884205174487003,passed,13,rss-n18-p200000bar_frame00000049_U0.234840.poscar,False,,,,,,,,0.9999433467
rss_mini,40.0,,rss-n18-p400000bar,W-potential/fcc-restart/05-rss-round-1/rss-selection/source-frames/rss-n18-p400000bar.xyz,2,0.22685714645754385,14.578719840385572,0.20100682862848743,0.25164992960707194,,18,2.515459992328898,1.8916256138749437,0.7743347018394379,passed,1,rss-n18-p400000bar_frame00000002_U0.226857.poscar,True,5,cur-fill,0.08288129499,000005.poscar,0.05015114012,0.01707694644,0.9765145049,0.9996940504
rss_mini,40.0,,rss-n18-p400000bar,W-potential/fcc-restart/05-rss-round-1/rss-selection/source-frames/rss-n18-p400000bar.xyz,5,0.2884861933856226,14.758912486113571,0.7126451972638567,0.7539370095943957,,18,2.5181836053091264,2.1075287082110084,0.8591890101036478,passed,2,rss-n18-p400000bar_frame00000005_U0.288486.poscar,False,,,,,,,,0.9998493958
rss_mini,40.0,,rss-n18-p400000bar,W-potential/fcc-restart/05-rss-round-1/rss-selection/source-frames/rss-n18-p400000bar.xyz,6,0.2300458070383614,15.150021064214371,0.39591588282467294,0.4172269307783125,,18,2.4069478961022117,2.286795671168353,0.9241793972331035,passed,3,rss-n18-p400000bar_frame00000006_U0.230046.poscar,True,15,cur-fill,0.05373150932,000015.poscar,0.005566805208,0.001562614465,0.9935057074,0.9999395471
rss_mini,40.0,,rss-n18-p400000bar,W-potential/fcc-restart/05-rss-round-1/rss-selection/source-frames/rss-n18-p400000bar.xyz,8,0.40926546204835873,14.862619770182805,0.6633533768003887,1.425678222979129,,18,2.429957276612383,2.0218879682641293,0.8223536646323371,passed,4,rss-n18-p400000bar_frame00000008_U0.409265.poscar,True,85,cur-fill,0.02005704626,000085.poscar,3.574930971e-06,6.012111405e-07,0.9987365229,0.9999538032
rss_mini,40.0,,rss-n18-p400000bar,W-potential/fcc-restart/05-rss-round-1/rss-selection/source-frames/rss-n18-p400000bar.xyz,9,0.23031501614626207,14.474136810236892,0.471724970043356,0.4698616208345881,,18,2.5590614283729414,1.8313242473560698,0.7514516133767335,passed,5,rss-n18-p400000bar_frame00000009_U0.230315.poscar,False,,,,,,,,0.9998363286
rss_mini,40.0,,rss-n18-p400000bar,W-potential/fcc-restart/05-rss-round-1/rss-selection/source-frames/rss-n18-p400000bar.xyz,10,0.29933744569194454,14.609546841767825,0.5646794754734377,0.6643249754096443,,18,2.3486410219291325,1.9061588379880354,0.7797346585170124,passed,6,rss-n18-p400000bar_frame00000010_U0.299337.poscar,False,,,,,,,,0.9999125454
rss_mini,40.0,,rss-n18-p400000bar,W-potential/fcc-restart/05-rss-round-1/rss-selection/source-frames/rss-n18-p400000bar.xyz,12,0.2633278959214888,14.999465720910901,0.5973955473708052,0.7391583332698552,,18,2.406994629269417,2.1346849224578266,0.8655826034234688,passed,7,rss-n18-p400000bar_frame00000012_U0.263328.poscar,False,,,,,,,,0.9999854839
rss_mini,40.0,,rss-n18-p400000bar,W-potential/fcc-restart/05-rss-round-1/rss-selection/source-frames/rss-n18-p400000bar.xyz,13,0.28847429815596715,15.008721771261511,0.4179705238338051,0.6104939814543798,,18,2.2969189971181896,2.1593976293072514,0.8754231988687168,passed,8,rss-n18-p400000bar_frame00000013_U0.288474.poscar,True,51,cur-fill,0.04197240568,000051.poscar,4.319146626e-05,1.109849848e-05,0.9976658185,0.9999688459
rss_mini,40.0,,rss-n18-p400000bar,W-potential/fcc-restart/05-rss-round-1/rss-selection/source-frames/rss-n18-p400000bar.xyz,18,0.2850831502629995,14.349200346110743,1.5910252247913679,1.6706315373786689,,18,2.5665787025967233,1.7732308119884013,0.7297196412746734,passed,9,rss-n18-p400000bar_frame00000018_U0.285083.poscar,True,83,cur-fill,0.01866805337,000083.poscar,3.804983216e-06,1.030747446e-06,0.997017715,0.9998644471
rss_mini,40.0,,rss-n18-p400000bar,W-potential/fcc-restart/05-rss-round-1/rss-selection/source-frames/rss-n18-p400000bar.xyz,20,0.23326017853860911,14.391833588203834,1.563511946458669,1.6568201273340748,,18,2.6017951946683278,1.816025939555076,0.7465920103380037,passed,10,rss-n18-p400000bar_frame00000020_U0.233260.poscar,True,37,cur-fill,0.06893295675,000037.poscar,0.0002585577665,7.973430271e-05,0.9981164219,0.9997406493
rss_mini,40.0,,rss-n18-p400000bar,W-potential/fcc-restart/05-rss-round-1/rss-selection/source-frames/rss-n18-p400000bar.xyz,21,0.21144135741304337,14.516765644343893,0.19825357237979657,0.30496100395690906,,18,2.553981030377867,1.8250485820466613,0.7481427547460704,passed,11,rss-n18-p400000bar_frame00000021_U0.211441.poscar,False,,,,,,,,0.9997181399
rss_mini,40.0,,rss-n18-p400000bar,W-potential/fcc-restart/05-rss-round-1/rss-selection/source-frames/rss-n18-p400000bar.xyz,24,0.2505968170588913,15.045364327758566,0.29279441106269694,0.4406144870672824,,18,2.501746012072282,2.2666746760887664,0.9181668802270044,passed,12,rss-n18-p400000bar_frame00000024_U0.250597.poscar,False,,,,,,,,0.9999345772
rss_mini,40.0,,rss-n18-p400000bar,W-potential/fcc-restart/05-rss-round-1/rss-selection/source-frames/rss-n18-p400000bar.xyz,25,0.32440681061918364,14.748652354773261,1.1834473562259753,1.236285033062352,,18,2.464304601904373,2.0448813816291658,0.8338424634385552,passed,13,rss-n18-p400000bar_frame00000025_U0.324407.poscar,False,,,,,,,,0.9999455837
rss_mini,40.0,,rss-n18-p400000bar,W-potential/fcc-restart/05-rss-round-1/rss-selection/source-frames/rss-n18-p400000bar.xyz,26,0.27859936034711436,15.173958115256236,0.36704447923244166,0.5252956344823865,,18,2.38624757144692,2.314701995215678,0.9349652270352798,passed,14,rss-n18-p400000bar_frame00000026_U0.278599.poscar,False,,,,,,,,0.9999764585
rss_mini,40.0,,rss-n18-p400000bar,W-potential/fcc-restart/05-rss-round-1/rss-selection/source-frames/rss-n18-p400000bar.xyz,28,0.22412875031418816,14.618751428767391,0.6068600920089046,0.5614583569253063,,18,2.440662648282251,1.9583113387196633,0.800900032541303,passed,15,rss-n18-p400000bar_frame00000028_U0.224129.poscar,False,,,,,,,,0.9999094377
rss_mini,40.0,,rss-n18-p400000bar,W-potential/fcc-restart/05-rss-round-1/rss-selection/source-frames/rss-n18-p400000bar.xyz,30,0.27363833876207566,14.95956553484558,0.5258802162485334,0.4640165532701113,,18,2.356595560757539,2.002884543004734,0.812860939282295,passed,16,rss-n18-p400000bar_frame00000030_U0.273638.poscar,True,81,cur-fill,0.02098099959,000081.poscar,3.804983216e-06,6.021263069e-07,0.9990962478,0.9999873974
rss_mini,40.0,,rss-n18-p400000bar,W-potential/fcc-restart/05-rss-round-1/rss-selection/source-frames/rss-n18-p400000bar.xyz,31,0.21987912589470307,14.291537493192086,0.6053030368405009,0.7230935769241403,,18,2.628965867477398,1.734862144793236,0.7148890632104423,passed,17,rss-n18-p400000bar_frame00000031_U0.219879.poscar,False,,,,,,,,0.9996319857
rss_mini,40.0,,rss-n18-p400000bar,W-potential/fcc-restart/05-rss-round-1/rss-selection/source-frames/rss-n18-p400000bar.xyz,33,0.31580244932003826,14.365507498086787,1.2823862464874491,1.2120483788444787,,18,2.545500256166275,1.774130020547545,0.7298133225861098,passed,18,rss-n18-p400000bar_frame00000033_U0.315802.poscar,True,25,cur-fill,0.04541483957,000025.poscar,0.00112663745,0.0003172391975,0.9956957674,0.9997252741
rss_mini,40.0,,rss-n18-p400000bar,W-potential/fcc-restart/05-rss-round-1/rss-selection/source-frames/rss-n18-p400000bar.xyz,36,0.44137016710874205,15.102608575040948,0.5414593060203045,0.4979540167871853,,18,2.383052738975989,2.2868840600228575,0.9251812554080753,passed,19,rss-n18-p400000bar_frame00000036_U0.441370.poscar,True,42,cur-fill,0.0471087726,000042.poscar,0.0001394215653,3.635674046e-05,0.9985971472,0.999966257
rss_mini,40.0,,rss-n18-p400000bar,W-potential/fcc-restart/05-rss-round-1/rss-selection/source-frames/rss-n18-p400000bar.xyz,38,0.2237651927028703,14.58276358026702,0.22529507556341438,0.2984632347774382,,18,2.5698228856397574,1.8630698337736773,0.7625749277962893,passed,20,rss-n18-p400000bar_frame00000038_U0.223765.poscar,True,10,cur-fill,0.0593969685,000010.poscar,0.01190664202,0.003825979438,0.9957179941,0.9998190814
rss_mini,40.0,,rss-n18-p400000bar,W-potential/fcc-restart/05-rss-round-1/rss-selection/source-frames/rss-n18-p400000bar.xyz,40,0.27727228156467204,14.640139522517693,0.8568985676682401,0.8949354345851618,,18,2.340109665558593,1.9119325718961218,0.7815513184748044,passed,21,rss-n18-p400000bar_frame00000040_U0.277272.poscar,False,,,,,,,,0.9999466538
rss_mini,40.0,,rss-n18-p400000bar,W-potential/fcc-restart/05-rss-round-1/rss-selection/source-frames/rss-n18-p400000bar.xyz,43,0.28055462855208857,14.580855934521642,3.6119189134223326,3.597067692297601,,18,2.4295267459679017,1.9002110382154258,0.7778111483133129,passed,22,rss-n18-p400000bar_frame00000043_U0.280555.poscar,False,,,,,,,,0.9998702085
rss_mini,40.0,,rss-n18-p400000bar,W-potential/fcc-restart/05-rss-round-1/rss-selection/source-frames/rss-n18-p400000bar.xyz,45,0.2638184041881495,14.31069068035468,1.538778949570756,1.6571181669384585,,18,2.5893849498265102,1.7488310189452816,0.7203236094090805,passed,23,rss-n18-p400000bar_frame00000045_U0.263818.poscar,True,61,cur-fill,0.06721332074,000061.poscar,1.219386074e-05,3.99917904e-06,0.9953509223,0.9996017553
rss_mini,0.0,,rss-n20-p0bar,W-potential/fcc-restart/05-rss-round-1/rss-selection/source-frames/rss-n20-p0bar.xyz,2,0.23515112476767008,16.726340312692983,0.2755691852608521,0.5655990064102289,,20,2.4878800505767598,2.270107971571995,0.887659088754333,passed,1,rss-n20-p0bar_frame00000002_U0.235151.poscar,True,90,cur-fill,0.01618113331,000090.poscar,3.574930971e-06,6.72725301e-07,0.9995667763,0.9998019338
rss_mini,0.0,,rss-n20-p0bar,W-potential/fcc-restart/05-rss-round-1/rss-selection/source-frames/rss-n20-p0bar.xyz,20,0.3551600957018352,16.90761874087935,0.3740076950402649,0.7661642150276504,,20,2.5770530863791117,2.32278286280095,0.9049983717377539,passed,6,rss-n20-p0bar_frame00000020_U0.355160.poscar,True,63,cur-fill,0.03412793662,000063.poscar,9.012916928e-06,1.894341053e-06,0.9992781347,0.9997796516
rss_mini,0.0,,rss-n20-p0bar,W-potential/fcc-restart/05-rss-round-1/rss-selection/source-frames/rss-n20-p0bar.xyz,24,0.2194738539151495,16.83622834079696,0.2352968504932549,0.4285687742233317,,20,2.553274235755293,2.3176435018828387,0.9042705036671137,passed,8,rss-n20-p0bar_frame00000024_U0.219474.poscar,False,,,,,,,,0.9998081953
rss_mini,0.0,,rss-n20-p0bar,W-potential/fcc-restart/05-rss-round-1/rss-selection/source-frames/rss-n20-p0bar.xyz,36,0.2699781998687994,16.852491142716765,0.2629239470630419,0.3827094358219467,,20,2.5262243416442103,2.4118321229532356,0.9407171017287818,passed,10,rss-n20-p0bar_frame00000036_U0.269978.poscar,False,,,,,,,,0.9998280678
rss_mini,0.0,,rss-n20-p0bar,W-potential/fcc-restart/05-rss-round-1/rss-selection/source-frames/rss-n20-p0bar.xyz,41,0.2569124049025309,17.03754909126676,0.43858725760030115,0.49164160239439236,,20,2.576071617582081,2.2155240440219557,0.861008477445436,passed,11,rss-n20-p0bar_frame00000041_U0.256912.poscar,True,16,cur-fill,0.02940800704,000016.poscar,0.005187657231,0.0009525012127,0.9973041546,0.999763761
rss_mini,0.0,,rss-n20-p0bar,W-potential/fcc-restart/05-rss-round-1/rss-selection/source-frames/rss-n20-p0bar.xyz,47,0.22652172234244078,17.114553213800065,0.1905898466648541,0.3745054249990392,,20,2.5152913413675093,2.380559021948576,0.9237556297467447,passed,12,rss-n20-p0bar_frame00000047_U0.226522.poscar,False,,,,,,,,0.9997372011
rss_mini,20.0,,rss-n20-p200000bar,W-potential/fcc-restart/05-rss-round-1/rss-selection/source-frames/rss-n20-p200000bar.xyz,2,0.2636619479623966,15.641994506492718,0.9769101814871834,1.1195934626336725,,20,2.4519458439936637,2.2062963840044922,0.8821988287704313,passed,1,rss-n20-p200000bar_frame00000002_U0.263662.poscar,False,,,,,,,,0.9999255439
rss_mini,20.0,,rss-n20-p200000bar,W-potential/fcc-restart/05-rss-round-1/rss-selection/source-frames/rss-n20-p200000bar.xyz,17,0.2401792315334771,14.976930865368463,1.5824013174083684,1.5696147641267357,,20,2.5680320689235776,1.7889566844393732,0.7257586436119617,passed,6,rss-n20-p200000bar_frame00000017_U0.240179.poscar,False,,,,,,,,0.999629193
rss_mini,20.0,,rss-n20-p200000bar,W-potential/fcc-restart/05-rss-round-1/rss-selection/source-frames/rss-n20-p200000bar.xyz,20,0.33785117096902256,15.503071889246172,0.36473418190115264,0.5660612603672273,,20,2.4881087355540576,2.001468213873378,0.8026806191382059,passed,7,rss-n20-p200000bar_frame00000020_U0.337851.poscar,False,,,,,,,,0.9998934222
rss_mini,20.0,,rss-n20-p200000bar,W-potential/fcc-restart/05-rss-round-1/rss-selection/source-frames/rss-n20-p200000bar.xyz,24,0.24203148531450736,15.583987751001862,0.441901091343625,0.5247923821582093,,20,2.51128750900025,2.0354335039179263,0.8148869937037548,passed,9,rss-n20-p200000bar_frame00000024_U0.242031.poscar,False,,,,,,,,0.9999204942
rss_mini,20.0,,rss-n20-p200000bar,W-potential/fcc-restart/05-rss-round-1/rss-selection/source-frames/rss-n20-p200000bar.xyz,25,0.29309344195825837,15.463575122742379,0.4173647883571586,0.47148157047283307,,20,2.4482221162240445,2.041040376006499,0.8192471889436805,passed,10,rss-n20-p200000bar_frame00000025_U0.293093.poscar,True,18,cur-fill,0.04478982538,000018.poscar,0.003063842007,0.0006779242207,0.997954445,0.9999324937
rss_mini,20.0,,rss-n20-p200000bar,W-potential/fcc-restart/05-rss-round-1/rss-selection/source-frames/rss-n20-p200000bar.xyz,30,0.21566776781815186,15.022319967590164,1.0755811945066154,1.119133336982121,,20,2.6220487090374043,1.7943859145349614,0.7272273138849159,passed,11,rss-n20-p200000bar_frame00000030_U0.215668.poscar,False,,,,,,,,0.9996379476
rss_mini,20.0,,rss-n20-p200000bar,W-potential/fcc-restart/05-rss-round-1/rss-selection/source-frames/rss-n20-p200000bar.xyz,36,0.34435794752483323,15.568923340558532,0.8166896671702414,0.9628810785903585,,20,2.433403823205974,2.0191384945735527,0.8086239158581032,passed,12,rss-n20-p200000bar_frame00000036_U0.344358.poscar,True,86,cur-fill,0.01952139085,000086.poscar,3.574930971e-06,5.465492612e-07,0.9988635136,0.999876621
rss_mini,20.0,,rss-n20-p200000bar,W-potential/fcc-restart/05-rss-round-1/rss-selection/source-frames/rss-n20-p200000bar.xyz,41,0.20937937004374732,15.79935822351509,0.25067062677075597,0.38131010944586774,,20,2.4820664451109753,2.1268287897260585,0.8475904376879357,passed,14,rss-n20-p200000bar_frame00000041_U0.209379.poscar,False,,,,,,,,0.9999574877
rss_mini,20.0,,rss-n20-p200000bar,W-potential/fcc-restart/05-rss-round-1/rss-selection/source-frames/rss-n20-p200000bar.xyz,47,0.5471716579017545,15.736174784589716,0.4406100641626139,0.3700037050280112,,20,2.5012899093281162,2.274200017245801,0.9075326704586114,passed,15,rss-n20-p200000bar_frame00000047_U0.547172.poscar,False,,,,,,,,0.9999794829
rss_mini,20.0,,rss-n20-p200000bar,W-potential/fcc-restart/05-rss-round-1/rss-selection/source-frames/rss-n20-p200000bar.xyz,49,0.21769743653972243,15.954918712460236,1.5841973933515638,1.3178277629655526,,20,2.4775026400852536,2.374555973320112,0.9432298711695734,passed,16,rss-n20-p200000bar_frame00000049_U0.217697.poscar,False,,,,,,,,0.999973992
rss_mini,40.0,,rss-n20-p400000bar,W-potential/fcc-restart/05-rss-round-1/rss-selection/source-frames/rss-n20-p400000bar.xyz,0,0.33675116315326936,14.431603545218113,3.643646341551712,3.5846551844070302,,20,2.4906193493579014,1.8831563237629922,0.773478375452569,passed,1,rss-n20-p400000bar_frame00000000_U0.336751.poscar,True,82,cur-fill,0.02089941572,000082.poscar,3.804983216e-06,6.190922356e-07,0.9990610674,0.9996635261
rss_mini,40.0,,rss-n20-p400000bar,W-potential/fcc-restart/05-rss-round-1/rss-selection/source-frames/rss-n20-p400000bar.xyz,2,0.3090991948109343,14.81847353581522,1.4500187682329204,1.3276687927196855,,20,2.4477109780302095,2.065300344298096,0.8408439321153464,passed,2,rss-n20-p400000bar_frame00000002_U0.309099.poscar,False,,,,,,,,0.9999568434
rss_mini,40.0,,rss-n20-p400000bar,W-potential/fcc-restart/05-rss-round-1/rss-selection/source-frames/rss-n20-p400000bar.xyz,3,0.255979585623088,14.945891050617188,0.822540196416184,0.8672515576988821,,20,2.4644253138948615,2.24597968770333,0.9117978284572131,passed,3,rss-n20-p400000bar_frame00000003_U0.255980.poscar,False,,,,,,,,0.9998815922
rss_mini,40.0,,rss-n20-p400000bar,W-potential/fcc-restart/05-rss-round-1/rss-selection/source-frames/rss-n20-p400000bar.xyz,5,0.23812876641708244,14.759936887201903,0.26054767378934884,0.5265674330217186,,20,2.4404778579096273,1.911828967408226,0.779388878122295,passed,4,rss-n20-p400000bar_frame00000005_U0.238129.poscar,True,58,cur-fill,0.05707961351,000058.poscar,1.8540069e-05,4.82858073e-06,0.9986045177,0.9999575804
rss_mini,40.0,,rss-n20-p400000bar,W-potential/fcc-restart/05-rss-round-1/rss-selection/source-frames/rss-n20-p400000bar.xyz,8,0.2706350825968551,14.887721474500335,0.3381543216846022,0.481117092404275,,20,2.404164029316886,2.0724432760980416,0.8424418000675311,passed,5,rss-n20-p400000bar_frame00000008_U0.270635.poscar,True,91,cur-fill,0.01596790483,000091.poscar,3.574930971e-06,6.853746531e-07,0.9991722089,0.9999824452
rss_mini,40.0,,rss-n20-p400000bar,W-potential/fcc-restart/05-rss-round-1/rss-selection/source-frames/rss-n20-p400000bar.xyz,9,0.2266666236365845,14.927794484274074,0.40928815551816083,0.7021805455258358,,20,2.391054299126116,2.1462935715016442,0.8716803226860094,passed,6,rss-n20-p400000bar_frame00000009_U0.226667.poscar,False,,,,,,,,0.9999683502
rss_mini,40.0,,rss-n20-p400000bar,W-potential/fcc-restart/05-rss-round-1/rss-selection/source-frames/rss-n20-p400000bar.xyz,12,0.2909090380812565,14.457664940209094,3.914423282816393,3.8307802536719446,,20,2.477404832903517,1.8737658367818237,0.7691586548530944,passed,7,rss-n20-p400000bar_frame00000012_U0.290909.poscar,False,,,,,,,,0.9998314668
rss_mini,40.0,,rss-n20-p400000bar,W-potential/fcc-restart/05-rss-round-1/rss-selection/source-frames/rss-n20-p400000bar.xyz,14,0.25090292178054385,15.001829941992423,0.8027749142605567,0.7631607757568221,,20,2.3772561591203085,2.1390550410106814,0.86730905458904,passed,8,rss-n20-p400000bar_frame00000014_U0.250903.poscar,False,,,,,,,,0.9999825707
rss_mini,40.0,,rss-n20-p400000bar,W-potential/fcc-restart/05-rss-round-1/rss-selection/source-frames/rss-n20-p400000bar.xyz,15,0.24757217903682202,15.051009557067525,0.5054340426016023,0.5320917088360398,,20,2.3652665184419392,2.1839584551283386,0.8845502212635471,passed,9,rss-n20-p400000bar_frame00000015_U0.247572.poscar,False,,,,,,,,0.9999737542
rss_mini,40.0,,rss-n20-p400000bar,W-potential/fcc-restart/05-rss-round-1/rss-selection/source-frames/rss-n20-p400000bar.xyz,17,0.26703277573171846,14.281094654002164,1.2120222216708927,1.2299196895966054,,20,2.556262671684458,1.7396273101050248,0.7170273437467274,passed,11,rss-n20-p400000bar_frame00000017_U0.267033.poscar,True,4,cur-fill,0.02336506879,000004.poscar,0.07733272147,0.01378101152,0.9773417538,0.9996209209
rss_mini,40.0,,rss-n20-p400000bar,W-potential/fcc-restart/05-rss-round-1/rss-selection/source-frames/rss-n20-p400000bar.xyz,20,0.4264950911703551,14.680359034172238,0.4773052225972496,0.8741011448272209,,20,2.4404287501467947,1.9179212270850157,0.7832827099921376,passed,12,rss-n20-p400000bar_frame00000020_U0.426495.poscar,False,,,,,,,,0.9999001929
rss_mini,40.0,,rss-n20-p400000bar,W-potential/fcc-restart/05-rss-round-1/rss-selection/source-frames/rss-n20-p400000bar.xyz,23,0.20968124558103154,14.682821449349941,0.27715410082695735,0.5328148492168454,,20,2.449969520503413,1.9881476666058657,0.8119179294284188,passed,14,rss-n20-p400000bar_frame00000023_U0.209681.poscar,False,,,,,,,,0.9999289928
rss_mini,40.0,,rss-n20-p400000bar,W-potential/fcc-restart/05-rss-round-1/rss-selection/source-frames/rss-n20-p400000bar.xyz,24,0.2557795927273005,14.866842672462633,0.4804726345921026,0.44043633306945423,,20,2.3990905663872493,2.1322140637947435,0.8671439965606618,passed,15,rss-n20-p400000bar_frame00000024_U0.255780.poscar,False,,,,,,,,0.9999220901
rss_mini,40.0,,rss-n20-p400000bar,W-potential/fcc-restart/05-rss-round-1/rss-selection/source-frames/rss-n20-p400000bar.xyz,25,0.4093623330740301,14.668811994810664,0.5527075108071927,0.8290980597290522,,20,2.4034500511192514,1.9931768800266894,0.8142308005777581,passed,16,rss-n20-p400000bar_frame00000025_U0.409362.poscar,False,,,,,,,,0.9999311314
rss_mini,40.0,,rss-n20-p400000bar,W-potential/fcc-restart/05-rss-round-1/rss-selection/source-frames/rss-n20-p400000bar.xyz,27,0.23660813878349665,14.9856676840912,1.0187264158471672,0.9990002168888651,,20,2.4038870488832402,2.2385512030572405,0.9079773188439445,passed,17,rss-n20-p400000bar_frame00000027_U0.236608.poscar,True,35,cur-fill,0.03762621718,000035.poscar,0.000319644097,6.997236429e-05,0.9989155268,0.9999700326
rss_mini,40.0,,rss-n20-p400000bar,W-potential/fcc-restart/05-rss-round-1/rss-selection/source-frames/rss-n20-p400000bar.xyz,28,0.23191642032442308,14.966793542854697,0.30493258223287556,0.5100669969614211,,20,2.4172745672904314,2.2182518095240136,0.9001217485668638,passed,18,rss-n20-p400000bar_frame00000028_U0.231916.poscar,False,,,,,,,,0.9999824285
rss_mini,40.0,,rss-n20-p400000bar,W-potential/fcc-restart/05-rss-round-1/rss-selection/source-frames/rss-n20-p400000bar.xyz,29,0.2785216836458254,14.853820556727282,0.4297861837979534,0.41131203663676646,,20,2.314349117573595,1.9993391394768043,0.813343019232806,passed,19,rss-n20-p400000bar_frame00000029_U0.278522.poscar,False,,,,,,,,0.9999744009
rss_mini,40.0,,rss-n20-p400000bar,W-potential/fcc-restart/05-rss-round-1/rss-selection/source-frames/rss-n20-p400000bar.xyz,30,0.26841737932713494,14.422461766185503,2.3602941934490436,2.3338834722047284,,20,2.535554069510838,1.8523601996404018,0.7609900451393924,passed,20,rss-n20-p400000bar_frame00000030_U0.268417.poscar,False,,,,,,,,0.9996827491
rss_mini,40.0,,rss-n20-p400000bar,W-potential/fcc-restart/05-rss-round-1/rss-selection/source-frames/rss-n20-p400000bar.xyz,31,0.23283732780735034,14.920435833020894,1.0327267278746635,0.9677875858709958,,20,2.4074847017702146,1.9685212275691344,0.7996125453695279,passed,21,rss-n20-p400000bar_frame00000031_U0.232837.poscar,False,,,,,,,,0.9999395237
rss_mini,40.0,,rss-n20-p400000bar,W-potential/fcc-restart/05-rss-round-1/rss-selection/source-frames/rss-n20-p400000bar.xyz,32,0.274507808372317,14.816511667784818,1.1286999116010594,1.2942959472747348,,20,2.3062801543881886,2.014496643361367,0.8201964633540855,passed,22,rss-n20-p400000bar_frame00000032_U0.274508.poscar,False,,,,,,,,0.9999665623
rss_mini,40.0,,rss-n20-p400000bar,W-potential/fcc-restart/05-rss-round-1/rss-selection/source-frames/rss-n20-p400000bar.xyz,33,0.277071713235304,14.771096928830564,0.517036276056222,0.5704672463383462,,20,2.3631388158336915,2.0848879889516843,0.8497251606195689,passed,23,rss-n20-p400000bar_frame00000033_U0.277072.poscar,False,,,,,,,,0.9999126048
rss_mini,40.0,,rss-n20-p400000bar,W-potential/fcc-restart/05-rss-round-1/rss-selection/source-frames/rss-n20-p400000bar.xyz,34,0.2523722647676067,14.775591901421972,0.37734338893766217,0.6252624327110825,,20,2.374825738947944,2.0276860643684382,0.8263279078563394,passed,24,rss-n20-p400000bar_frame00000034_U0.252372.poscar,True,88,cur-fill,0.01816397977,000088.poscar,3.574930971e-06,5.862154619e-07,0.9995549494,0.9999676233
rss_mini,40.0,,rss-n20-p400000bar,W-potential/fcc-restart/05-rss-round-1/rss-selection/source-frames/rss-n20-p400000bar.xyz,36,0.3952806444204829,14.731205832712387,0.45326624272607935,0.5067022027739905,,20,2.421904930591405,2.0364507163661347,0.830732379618499,passed,25,rss-n20-p400000bar_frame00000036_U0.395281.poscar,False,,,,,,,,0.9998920137
rss_mini,40.0,,rss-n20-p400000bar,W-potential/fcc-restart/05-rss-round-1/rss-selection/source-frames/rss-n20-p400000bar.xyz,39,0.2423329577368064,14.909861250087923,0.2448028130334547,0.33298357747903873,,20,2.4471970146163087,2.115704818554669,0.8596015854817084,passed,26,rss-n20-p400000bar_frame00000039_U0.242333.poscar,True,22,cur-fill,0.03099628606,000022.poscar,0.001859201628,0.0004265403153,0.9945830896,0.9999694427
rss_mini,40.0,,rss-n20-p400000bar,W-potential/fcc-restart/05-rss-round-1/rss-selection/source-frames/rss-n20-p400000bar.xyz,41,0.2421562591292071,14.870516081004876,0.5548624138542321,0.515426266711008,,20,2.4370459610422777,2.075069133801936,0.8438343950258097,passed,27,rss-n20-p400000bar_frame00000041_U0.242156.poscar,False,,,,,,,,0.9999706836
rss_mini,40.0,,rss-n20-p400000bar,W-potential/fcc-restart/05-rss-round-1/rss-selection/source-frames/rss-n20-p400000bar.xyz,45,0.2648467316965673,14.872928529630693,1.2112434001442416,1.154769715578317,,20,2.371178582267664,2.0157535466271024,0.819669173538449,passed,28,rss-n20-p400000bar_frame00000045_U0.264847.poscar,True,44,cur-fill,0.04285215195,000044.poscar,0.0001164947163,2.647139961e-05,0.9976493903,0.9999759029
rss_mini,40.0,,rss-n20-p400000bar,W-potential/fcc-restart/05-rss-round-1/rss-selection/source-frames/rss-n20-p400000bar.xyz,47,0.36912451032956756,14.872632713713378,0.5352805182261795,0.5937609084927048,,20,2.4270350187044665,2.0181894384825476,0.8206651251660493,passed,29,rss-n20-p400000bar_frame00000047_U0.369125.poscar,False,,,,,,,,0.9999706558
rss_mini,40.0,,rss-n20-p400000bar,W-potential/fcc-restart/05-rss-round-1/rss-selection/source-frames/rss-n20-p400000bar.xyz,48,0.2922016724271903,14.637276893267536,0.41253866961399505,0.5263011044413342,,20,2.4030709867969535,1.9699170022330734,0.8053064281763038,passed,30,rss-n20-p400000bar_frame00000048_U0.292202.poscar,False,,,,,,,,0.9999385566
rss_mini,40.0,,rss-n20-p400000bar,W-potential/fcc-restart/05-rss-round-1/rss-selection/source-frames/rss-n20-p400000bar.xyz,49,0.23586208231817554,15.077502425415295,0.9749879361390918,1.0027974268600324,,20,2.403299955045863,2.247277912885252,0.9096625475615591,passed,31,rss-n20-p400000bar_frame00000049_U0.235862.poscar,False,,,,,,,,0.9999820059
rss_mini,0.0,,rss-n22-p0bar,W-potential/fcc-restart/05-rss-round-1/rss-selection/source-frames/rss-n22-p0bar.xyz,24,0.21487452223153003,16.39306049523192,1.711397100541309,1.5546200126205898,,22,2.596660338959905,2.356928440044224,0.9278114255868569,passed,5,rss-n22-p0bar_frame00000024_U0.214875.poscar,True,1,cur-fill,0.007809431961,000001.poscar,1.278256111,0.1132974493,0,0.9997462246
rss_mini,0.0,,rss-n22-p0bar,W-potential/fcc-restart/05-rss-round-1/rss-selection/source-frames/rss-n22-p0bar.xyz,33,0.22894745751909762,16.872044768570184,0.2088185884846325,0.40444173801034955,,22,2.549637626895528,2.3894963166694985,0.9316450032760033,passed,6,rss-n22-p0bar_frame00000033_U0.228947.poscar,False,,,,,,,,0.999805343
rss_mini,20.0,,rss-n22-p200000bar,W-potential/fcc-restart/05-rss-round-1/rss-selection/source-frames/rss-n22-p200000bar.xyz,6,0.28007255089465577,15.520468571880398,1.0115045184327152,1.3807420382516582,,22,2.487188132371413,2.1169910136028673,0.8486932308081895,passed,2,rss-n22-p200000bar_frame00000006_U0.280073.poscar,False,,,,,,,,0.999918005
rss_mini,20.0,,rss-n22-p200000bar,W-potential/fcc-restart/05-rss-round-1/rss-selection/source-frames/rss-n22-p200000bar.xyz,18,0.23072345696330296,15.625767591531394,0.35658893572434636,0.46783354385359194,,22,2.414816158390361,2.2071710216070852,0.8828539518936037,passed,5,rss-n22-p200000bar_frame00000018_U0.230723.poscar,False,,,,,,,,0.9998524218
rss_mini,20.0,,rss-n22-p200000bar,W-potential/fcc-restart/05-rss-round-1/rss-selection/source-frames/rss-n22-p200000bar.xyz,22,0.26737429886726155,15.621676817429481,0.543506309121797,0.5789397446086891,,22,2.3809073151986,2.0810699784846927,0.8324870143803264,passed,6,rss-n22-p200000bar_frame00000022_U0.267374.poscar,False,,,,,,,,0.999960965
rss_mini,20.0,,rss-n22-p200000bar,W-potential/fcc-restart/05-rss-round-1/rss-selection/source-frames/rss-n22-p200000bar.xyz,30,0.22592111139745175,15.448142929724877,0.38113895269237313,0.38427016136894293,,22,2.4636423552762077,1.9648205321772512,0.7889160558619366,passed,7,rss-n22-p200000bar_frame00000030_U0.225921.poscar,False,,,,,,,,0.9999505069
rss_mini,40.0,,rss-n22-p400000bar,W-potential/fcc-restart/05-rss-round-1/rss-selection/source-frames/rss-n22-p400000bar.xyz,1,0.24814105405437825,14.768254661712545,0.8196163630861336,0.8382649647129126,,22,2.4204292639598703,1.9625174220554962,0.7999026396636155,passed,1,rss-n22-p400000bar_frame00000001_U0.248141.poscar,False,,,,,,,,0.9999390171
rss_mini,40.0,,rss-n22-p400000bar,W-potential/fcc-restart/05-rss-round-1/rss-selection/source-frames/rss-n22-p400000bar.xyz,2,0.2167450578598766,14.85858962126357,1.0528459741753866,0.9946886082008045,,22,2.472802734284019,1.9372339524868838,0.787993937042953,passed,2,rss-n22-p400000bar_frame00000002_U0.216745.poscar,False,,,,,,,,0.9999364203
rss_mini,40.0,,rss-n22-p400000bar,W-potential/fcc-restart/05-rss-round-1/rss-selection/source-frames/rss-n22-p400000bar.xyz,3,0.22679722325325793,14.68582753458416,1.4099753352452795,1.220722186581506,,22,2.485036400716307,1.9679592735050666,0.8036185727138953,passed,3,rss-n22-p400000bar_frame00000003_U0.226797.poscar,False,,,,,,,,0.9999564012
rss_mini,40.0,,rss-n22-p400000bar,W-potential/fcc-restart/05-rss-round-1/rss-selection/source-frames/rss-n22-p400000bar.xyz,4,0.3946896273727032,15.05816704102704,0.6249127847923586,0.5764238725805138,,22,2.3659819589036615,2.3045667519444315,0.9332512676760623,passed,4,rss-n22-p400000bar_frame00000004_U0.394690.poscar,True,77,cur-fill,0.02390211478,000077.poscar,3.804983216e-06,7.000734082e-07,0.9983996791,0.9999867494
rss_mini,40.0,,rss-n22-p400000bar,W-potential/fcc-restart/05-rss-round-1/rss-selection/source-frames/rss-n22-p400000bar.xyz,5,0.25991132290728897,14.76864090087264,0.43785238733910964,0.5425325318178511,,22,2.381647899934196,2.132884113258322,0.8693348349305603,passed,5,rss-n22-p400000bar_frame00000005_U0.259911.poscar,False,,,,,,,,0.9999325781
rss_mini,40.0,,rss-n22-p400000bar,W-potential/fcc-restart/05-rss-round-1/rss-selection/source-frames/rss-n22-p400000bar.xyz,6,0.3310410328150551,14.760226762861562,0.3967551095710731,0.9663286511889583,,22,2.3595347264549993,2.1471243013418557,0.8753052045747254,passed,6,rss-n22-p400000bar_frame00000006_U0.331041.poscar,True,68,cur-fill,0.05277640781,000068.poscar,4.379775903e-06,1.152023584e-06,0.9993631983,0.9999500031
rss_mini,40.0,,rss-n22-p400000bar,W-potential/fcc-restart/05-rss-round-1/rss-selection/source-frames/rss-n22-p400000bar.xyz,7,0.22504273638571046,14.916521008544255,1.7036218098936315,1.7411707875124787,,22,2.3360494278136748,2.0062810603092474,0.8150218625759591,passed,7,rss-n22-p400000bar_frame00000007_U0.225043.poscar,False,,,,,,,,0.9999486194
rss_mini,40.0,,rss-n22-p400000bar,W-potential/fcc-restart/05-rss-round-1/rss-selection/source-frames/rss-n22-p400000bar.xyz,8,0.2789485621525805,14.776318067440933,1.8467972897687006,1.5661264495172702,,22,2.3457472617124213,1.9719710947515081,0.8036096336750419,passed,8,rss-n22-p400000bar_frame00000008_U0.278949.poscar,False,,,,,,,,0.9999459019
rss_mini,40.0,,rss-n22-p400000bar,W-potential/fcc-restart/05-rss-round-1/rss-selection/source-frames/rss-n22-p400000bar.xyz,10,0.22730900385141492,14.53865691694966,1.364902793030109,1.314262241568926,,22,2.435894744432901,1.8523077405891362,0.7589358104548246,passed,10,rss-n22-p400000bar_frame00000010_U0.227309.poscar,False,,,,,,,,0.9997869788
rss_mini,40.0,,rss-n22-p400000bar,W-potential/fcc-restart/05-rss-round-1/rss-selection/source-frames/rss-n22-p400000bar.xyz,11,0.22605214435391222,14.658387856668798,0.5408724253264334,0.6204665206241676,,22,2.3977838242857845,2.0122275008893764,0.8222079604602,passed,11,rss-n22-p400000bar_frame00000011_U0.226052.poscar,True,79,cur-fill,0.02193619745,000079.poscar,3.804983216e-06,7.454721963e-07,0.9990730718,0.9999146623
rss_mini,40.0,,rss-n22-p400000bar,W-potential/fcc-restart/05-rss-round-1/rss-selection/source-frames/rss-n22-p400000bar.xyz,12,0.2265727825364419,14.847027935651708,0.3722736157099933,0.48314572236027853,,22,2.425744551525655,2.210436263135087,0.8993556931326319,passed,12,rss-n22-p400000bar_frame00000012_U0.226573.poscar,False,,,,,,,,0.999967498
rss_mini,40.0,,rss-n22-p400000bar,W-potential/fcc-restart/05-rss-round-1/rss-selection/source-frames/rss-n22-p400000bar.xyz,13,0.21901692209774942,15.008836936189505,0.5273341626851474,0.6084036856442111,,22,2.362484226784305,2.0793413726527135,0.8429661102961997,passed,13,rss-n22-p400000bar_frame00000013_U0.219017.poscar,False,,,,,,,,0.9999675544
rss_mini,40.0,,rss-n22-p400000bar,W-potential/fcc-restart/05-rss-round-1/rss-selection/source-frames/rss-n22-p400000bar.xyz,15,0.29957040440593824,14.87562826188861,1.1865798119537467,1.1078792080139495,,22,2.4371817442795947,2.1534578025064532,0.8756111040792198,passed,14,rss-n22-p400000bar_frame00000015_U0.299570.poscar,False,,,,,,,,0.9999677501
rss_mini,40.0,,rss-n22-p400000bar,W-potential/fcc-restart/05-rss-round-1/rss-selection/source-frames/rss-n22-p400000bar.xyz,18,0.2967779796887626,14.77651830109135,0.4187102102265867,0.4578705222481376,,22,2.3553235054845594,2.1758492042498445,0.8866892058248177,passed,15,rss-n22-p400000bar_frame00000018_U0.296778.poscar,False,,,,,,,,0.9998596546
rss_mini,40.0,,rss-n22-p400000bar,W-potential/fcc-restart/05-rss-round-1/rss-selection/source-frames/rss-n22-p400000bar.xyz,19,0.2472275911620593,14.761019656116451,0.6417923265414386,0.6000750527861882,,22,2.3207651416221737,2.0063240500446042,0.8178913709901705,passed,16,rss-n22-p400000bar_frame00000019_U0.247228.poscar,True,99,cur-fill,0.01123944453,000099.poscar,3.574930971e-06,4.99235057e-07,0.9996546417,0.9999570683
rss_mini,40.0,,rss-n22-p400000bar,W-potential/fcc-restart/05-rss-round-1/rss-selection/source-frames/rss-n22-p400000bar.xyz,20,0.41177206751639384,14.884875674178282,1.110726357767745,1.1632900117434428,,22,2.4057344430403975,2.262355373626933,0.9196990861499948,passed,17,rss-n22-p400000bar_frame00000020_U0.411772.poscar,False,,,,,,,,0.9999487575
rss_mini,40.0,,rss-n22-p400000bar,W-potential/fcc-restart/05-rss-round-1/rss-selection/source-frames/rss-n22-p400000bar.xyz,21,0.2959510111985386,14.764405247106895,1.0161159003332982,0.9173306904742858,,22,2.359978496336209,2.0043335854404676,0.8170174858278012,passed,18,rss-n22-p400000bar_frame00000021_U0.295951.poscar,True,100,cur-fill,0.01120782397,000100.poscar,3.574930971e-06,4.219368485e-07,0.9992528789,0.9999632987
rss_mini,40.0,,rss-n22-p400000bar,W-potential/fcc-restart/05-rss-round-1/rss-selection/source-frames/rss-n22-p400000bar.xyz,23,0.22016048834198138,14.753750817275817,0.4254655542698474,0.5190503028091329,,22,2.4432784193891206,2.0097640056900725,0.8194282188937341,passed,19,rss-n22-p400000bar_frame00000023_U0.220160.poscar,False,,,,,,,,0.9999437767
rss_mini,40.0,,rss-n22-p400000bar,W-potential/fcc-restart/05-rss-round-1/rss-selection/source-frames/rss-n22-p400000bar.xyz,24,0.23563504602867416,14.607806053558358,0.201592009711487,0.20942416061003788,,22,2.497108862016775,1.9331733210855975,0.7908166326839459,passed,20,rss-n22-p400000bar_frame00000024_U0.235635.poscar,True,53,cur-fill,0.05027150502,000053.poscar,3.648605288e-05,1.019457814e-05,0.997445056,0.9997897375
rss_mini,40.0,,rss-n22-p400000bar,W-potential/fcc-restart/05-rss-round-1/rss-selection/source-frames/rss-n22-p400000bar.xyz,27,0.30515427860364414,14.577032263162776,0.2454672129065712,0.41914864022599385,,22,2.4108984855912174,1.961252385814241,0.8028673185175782,passed,21,rss-n22-p400000bar_frame00000027_U0.305154.poscar,True,94,cur-fill,0.01413136121,000094.poscar,3.574930971e-06,4.999211027e-07,0.9995192701,0.9998440697
rss_mini,40.0,,rss-n22-p400000bar,W-potential/fcc-restart/05-rss-round-1/rss-selection/source-frames/rss-n22-p400000bar.xyz,28,0.22695666949651763,14.76980515783488,0.341772199795504,0.5277821963873035,,22,2.363795732194656,2.0210425170189805,0.8237280616976027,passed,22,rss-n22-p400000bar_frame00000028_U0.226957.poscar,True,30,cur-fill,0.05112959193,000030.poscar,0.000716362424,0.0001864300152,0.9964084045,0.9999168623
rss_mini,40.0,,rss-n22-p400000bar,W-potential/fcc-restart/05-rss-round-1/rss-selection/source-frames/rss-n22-p400000bar.xyz,30,0.24747834288825715,14.69049888096423,0.6821250828107811,0.6724916242584968,,22,2.4285633815381513,1.9719307075431394,0.8051549523757012,passed,23,rss-n22-p400000bar_frame00000030_U0.247478.poscar,False,,,,,,,,0.9999480704
rss_mini,40.0,,rss-n22-p400000bar,W-potential/fcc-restart/05-rss-round-1/rss-selection/source-frames/rss-n22-p400000bar.xyz,31,0.22104512660698053,14.914295413137262,0.5912917354703339,0.6694994626968169,,22,2.3946776584928897,2.13870343787179,0.8688596997632391,passed,24,rss-n22-p400000bar_frame00000031_U0.221045.poscar,True,89,cur-fill,0.0163625651,000089.poscar,3.574930971e-06,7.016568008e-07,0.9989126273,0.9999696675
rss_mini,40.0,,rss-n22-p400000bar,W-potential/fcc-restart/05-rss-round-1/rss-selection/source-frames/rss-n22-p400000bar.xyz,32,0.30399052512484936,14.78832436931318,1.145871200209015,1.2367255804444048,,22,2.331693411381395,2.1494734499226453,0.8757075536148174,passed,25,rss-n22-p400000bar_frame00000032_U0.303991.poscar,False,,,,,,,,0.9999551129
rss_mini,40.0,,rss-n22-p400000bar,W-potential/fcc-restart/05-rss-round-1/rss-selection/source-frames/rss-n22-p400000bar.xyz,34,0.3568388870146084,14.939496394665968,0.7631447655519177,0.7468050745369288,,22,2.45454652483962,2.2656828319337743,0.919927908516993,passed,26,rss-n22-p400000bar_frame00000034_U0.356839.poscar,False,,,,,,,,0.9999792918
rss_mini,40.0,,rss-n22-p400000bar,W-potential/fcc-restart/05-rss-round-1/rss-selection/source-frames/rss-n22-p400000bar.xyz,35,0.292396572005303,14.63051106479741,0.7371470835079177,0.8904429874216253,,22,2.3839790532681815,1.940962912887262,0.7935922260141494,passed,27,rss-n22-p400000bar_frame00000035_U0.292397.poscar,False,,,,,,,,0.99991272
rss_mini,40.0,,rss-n22-p400000bar,W-potential/fcc-restart/05-rss-round-1/rss-selection/source-frames/rss-n22-p400000bar.xyz,36,0.3282685039830021,14.639297624576743,0.4443561073289083,0.5426343890405146,,22,2.399460764086923,1.963716633828224,0.802734765368483,passed,28,rss-n22-p400000bar_frame00000036_U0.328269.poscar,True,33,cur-fill,0.0536211894,000033.poscar,0.0004020104161,0.0001007945535,0.9983677506,0.9999276244
rss_mini,40.0,,rss-n22-p400000bar,W-potential/fcc-restart/05-rss-round-1/rss-selection/source-frames/rss-n22-p400000bar.xyz,37,0.2551169838117955,14.780036030820263,0.48588284419324157,0.4837994115590543,,22,2.441828997684015,2.1259273012978217,0.8662765899306212,passed,29,rss-n22-p400000bar_frame00000037_U0.255117.poscar,True,65,cur-fill,0.02824732178,000065.poscar,8.222175417e-06,1.436970257e-06,0.9988227389,0.9999530281
rss_mini,40.0,,rss-n22-p400000bar,W-potential/fcc-restart/05-rss-round-1/rss-selection/source-frames/rss-n22-p400000bar.xyz,38,0.21081236438780354,14.8652140879954,0.8589649116712187,0.8523290182802764,,22,2.4426925327519973,2.19469048793855,0.8925849474089962,passed,30,rss-n22-p400000bar_frame00000038_U0.210812.poscar,False,,,,,,,,0.9999560673
rss_mini,40.0,,rss-n22-p400000bar,W-potential/fcc-restart/05-rss-round-1/rss-selection/source-frames/rss-n22-p400000bar.xyz,40,0.2671000267987851,14.924184917752823,0.8120856934073103,0.9132272327511156,,22,2.391712164076223,2.142917233181144,0.8703792395087497,passed,31,rss-n22-p400000bar_frame00000040_U0.267100.poscar,True,54,cur-fill,0.04366511534,000054.poscar,3.367849516e-05,7.941801394e-06,0.9982679202,0.9999777575
rss_mini,40.0,,rss-n22-p400000bar,W-potential/fcc-restart/05-rss-round-1/rss-selection/source-frames/rss-n22-p400000bar.xyz,44,0.3936174692964966,14.925066972762295,0.3625750594297776,0.4895089674838178,,22,2.42230413576731,2.217820536814155,0.9007846380973356,passed,33,rss-n22-p400000bar_frame00000044_U0.393617.poscar,False,,,,,,,,0.9999510781
rss_mini,40.0,,rss-n22-p400000bar,W-potential/fcc-restart/05-rss-round-1/rss-selection/source-frames/rss-n22-p400000bar.xyz,47,0.24348960944958414,14.33120987200707,2.263713372421533,2.298830092797755,,22,2.5742930273523728,1.7821492016232938,0.7336964904806176,passed,34,rss-n22-p400000bar_frame00000047_U0.243490.poscar,True,69,cur-fill,0.07430347918,000069.poscar,4.146500315e-06,1.303070286e-06,0.9982408664,0.9997368527
rss_mini,40.0,,rss-n22-p400000bar,W-potential/fcc-restart/05-rss-round-1/rss-selection/source-frames/rss-n22-p400000bar.xyz,48,0.4908226110768128,14.779271319139923,0.6621151923378937,0.6768948984153268,,22,2.4495399322952074,2.107486896015544,0.8587772723620347,passed,35,rss-n22-p400000bar_frame00000048_U0.490823.poscar,False,,,,,,,,0.9999209931
rss_mini,0.0,,rss-n25-p0bar,W-potential/fcc-restart/05-rss-round-1/rss-selection/source-frames/rss-n25-p0bar.xyz,4,0.22423986740327118,17.256319195565606,0.7228406749519106,0.5916824743478458,,25,2.4400101780562564,2.419602087847979,0.9363277513942379,passed,2,rss-n25-p0bar_frame00000004_U0.224240.poscar,False,,,,,,,,0.9997825556
rss_mini,0.0,,rss-n25-p0bar,W-potential/fcc-restart/05-rss-round-1/rss-selection/source-frames/rss-n25-p0bar.xyz,16,0.23375436806664043,16.65597735454112,0.23321221437600212,0.2546242021990181,,25,2.54173700919292,2.1372460603406664,0.8368824965116622,passed,6,rss-n25-p0bar_frame00000016_U0.233754.poscar,True,31,cur-fill,0.07240574756,000031.poscar,0.0006529581797,0.000189913552,0.9977082621,0.9998966715
rss_mini,0.0,,rss-n25-p0bar,W-potential/fcc-restart/05-rss-round-1/rss-selection/source-frames/rss-n25-p0bar.xyz,26,0.2262227448541691,16.69472211794754,0.4526075314494665,0.4810801152465407,,25,2.522471306825235,2.071664915997052,0.8105748284116975,passed,8,rss-n25-p0bar_frame00000026_U0.226223.poscar,False,,,,,,,,0.9998358471
rss_mini,0.0,,rss-n25-p0bar,W-potential/fcc-restart/05-rss-round-1/rss-selection/source-frames/rss-n25-p0bar.xyz,41,0.2123492254986622,16.89802660387267,0.3318126397505748,0.5111513573435189,,25,2.5637924117487847,2.3519449554356386,0.916533809814245,passed,11,rss-n25-p0bar_frame00000041_U0.212349.poscar,False,,,,,,,,0.9997769989
rss_mini,0.0,,rss-n25-p0bar,W-potential/fcc-restart/05-rss-round-1/rss-selection/source-frames/rss-n25-p0bar.xyz,42,0.22719781386150623,16.507670833613705,0.33721792685633156,0.4053727066706884,,25,2.4580718894809195,1.9963122197134757,0.7840309343990768,passed,12,rss-n25-p0bar_frame00000042_U0.227198.poscar,True,93,cur-fill,0.01422493189,000093.poscar,3.574930971e-06,4.759424612e-07,0.9996140324,0.999819529
rss_mini,20.0,,rss-n25-p200000bar,W-potential/fcc-restart/05-rss-round-1/rss-selection/source-frames/rss-n25-p200000bar.xyz,0,0.2528462025992075,15.519596648033726,0.6041016215340624,0.6477904001629607,,25,2.360644833904454,2.092906031796097,0.8390533706029454,passed,1,rss-n25-p200000bar_frame00000000_U0.252846.poscar,False,,,,,,,,0.9999289593
rss_mini,20.0,,rss-n25-p200000bar,W-potential/fcc-restart/05-rss-round-1/rss-selection/source-frames/rss-n25-p200000bar.xyz,3,0.22610789525260097,15.551209278336444,0.4247769646792233,0.46205626555593104,,25,2.4251089536139823,2.087622245148587,0.836367587708424,passed,3,rss-n25-p200000bar_frame00000003_U0.226108.poscar,True,12,cur-fill,0.05001087043,000012.poscar,0.009241094051,0.002332111712,0.9937954267,0.9999217855
rss_mini,20.0,,rss-n25-p200000bar,W-potential/fcc-restart/05-rss-round-1/rss-selection/source-frames/rss-n25-p200000bar.xyz,4,0.23814999814582766,15.61063687672481,1.0566203796830391,1.0708950468207643,,25,2.350902830280357,2.0272126428370885,0.8111336754738036,passed,4,rss-n25-p200000bar_frame00000004_U0.238150.poscar,False,,,,,,,,0.9999199521
rss_mini,20.0,,rss-n25-p200000bar,W-potential/fcc-restart/05-rss-round-1/rss-selection/source-frames/rss-n25-p200000bar.xyz,10,0.27304890570874024,15.545857470070896,0.9835598948179041,1.2918510170427608,,25,2.318157261537304,2.0350793726609147,0.815410798411178,passed,5,rss-n25-p200000bar_frame00000010_U0.273049.poscar,False,,,,,,,,0.9998911667
rss_mini,20.0,,rss-n25-p200000bar,W-potential/fcc-restart/05-rss-round-1/rss-selection/source-frames/rss-n25-p200000bar.xyz,15,0.21209589983162283,15.760557385207564,0.6335034207879914,0.5697685730724098,,25,2.451753408394783,2.272635342646138,0.9064403547227711,passed,7,rss-n25-p200000bar_frame00000015_U0.212096.poscar,False,,,,,,,,0.9999473827
rss_mini,20.0,,rss-n25-p200000bar,W-potential/fcc-restart/05-rss-round-1/rss-selection/source-frames/rss-n25-p200000bar.xyz,16,0.32010536583618165,15.57922648883102,0.29272645480886766,0.39236979234473723,,25,2.491811776602928,2.045873005327963,0.8191498856603815,passed,8,rss-n25-p200000bar_frame00000016_U0.320105.poscar,False,,,,,,,,0.9999633885
rss_mini,20.0,,rss-n25-p200000bar,W-potential/fcc-restart/05-rss-round-1/rss-selection/source-frames/rss-n25-p200000bar.xyz,19,0.2223480438489319,15.438037997750454,0.23066564871946635,0.35906887133564497,,25,2.5490520039112976,2.1771870572836085,0.8743762956925616,passed,10,rss-n25-p200000bar_frame00000019_U0.222348.poscar,True,56,cur-fill,0.07900598699,000056.poscar,2.516638648e-05,7.775521196e-06,0.9982697133,0.9997700644
rss_mini,20.0,,rss-n25-p200000bar,W-potential/fcc-restart/05-rss-round-1/rss-selection/source-frames/rss-n25-p200000bar.xyz,20,0.2100542862865425,15.662018285830836,0.3003947736592657,0.38036560982118456,,25,2.4340361849030514,2.095523735043374,0.8375485839376754,passed,11,rss-n25-p200000bar_frame00000020_U0.210054.poscar,False,,,,,,,,0.9999426507
rss_mini,20.0,,rss-n25-p200000bar,W-potential/fcc-restart/05-rss-round-1/rss-selection/source-frames/rss-n25-p200000bar.xyz,22,0.2878101291180931,15.641666841824662,0.31011646021580025,0.3436193038725853,,25,2.406378116957966,2.1962358105516646,0.8781821893391141,passed,12,rss-n25-p200000bar_frame00000022_U0.287810.poscar,False,,,,,,,,0.9999667083
rss_mini,20.0,,rss-n25-p200000bar,W-potential/fcc-restart/05-rss-round-1/rss-selection/source-frames/rss-n25-p200000bar.xyz,25,0.21735877414267046,15.33577529704785,0.44510187495599507,0.5056841745873024,,25,2.364706376128981,1.9001775594313977,0.7648194772836632,passed,13,rss-n25-p200000bar_frame00000025_U0.217359.poscar,True,26,cur-fill,0.03382367647,000026.poscar,0.001094871851,0.0002199820688,0.9958235079,0.9997277779
rss_mini,20.0,,rss-n25-p200000bar,W-potential/fcc-restart/05-rss-round-1/rss-selection/source-frames/rss-n25-p200000bar.xyz,26,0.2829297900614255,15.569925082583474,0.5379837333151052,0.5727362074805743,,25,2.4156907169804778,1.9546645069090018,0.7827866061909419,passed,14,rss-n25-p200000bar_frame00000026_U0.282930.poscar,True,55,cur-fill,0.02938614004,000055.poscar,2.598709843e-05,5.316067342e-06,0.9991462296,0.9999328416
rss_mini,20.0,,rss-n25-p200000bar,W-potential/fcc-restart/05-rss-round-1/rss-selection/source-frames/rss-n25-p200000bar.xyz,31,0.22891826704435514,15.387578081877756,0.20380537080885408,0.45598573970658696,,25,2.516877587894375,1.988363522704276,0.7994151307358821,passed,16,rss-n25-p200000bar_frame00000031_U0.228918.poscar,False,,,,,,,,0.999838843
rss_mini,20.0,,rss-n25-p200000bar,W-potential/fcc-restart/05-rss-round-1/rss-selection/source-frames/rss-n25-p200000bar.xyz,32,0.31595403429663366,15.673497487036208,0.4205461978083063,0.44394483786228356,,25,2.364166423458382,2.008356060000716,0.802512991132526,passed,17,rss-n25-p200000bar_frame00000032_U0.315954.poscar,False,,,,,,,,0.9999570568
rss_mini,20.0,,rss-n25-p200000bar,W-potential/fcc-restart/05-rss-round-1/rss-selection/source-frames/rss-n25-p200000bar.xyz,40,0.2121580003791615,15.77852568806319,0.37483354547552744,0.43791229890443406,,25,2.42285665857847,2.1622723754538997,0.8620946028474769,passed,19,rss-n25-p200000bar_frame00000040_U0.212158.poscar,True,87,cur-fill,0.01923237774,000087.poscar,3.574930971e-06,6.505262116e-07,0.9994516819,0.999982731
rss_mini,20.0,,rss-n25-p200000bar,W-potential/fcc-restart/05-rss-round-1/rss-selection/source-frames/rss-n25-p200000bar.xyz,41,0.22810454788915124,15.70335128742111,0.4186142354700186,0.5402895226065101,,25,2.4926096230306736,2.2867639240861046,0.913181735969476,passed,20,rss-n25-p200000bar_frame00000041_U0.228105.poscar,False,,,,,,,,0.999962851
rss_mini,20.0,,rss-n25-p200000bar,W-potential/fcc-restart/05-rss-round-1/rss-selection/source-frames/rss-n25-p200000bar.xyz,42,0.2673871128371936,15.400233229224165,0.5355437420678268,0.49569152127523236,,25,2.418954236775985,1.9514962776783285,0.7843778019466054,passed,21,rss-n25-p200000bar_frame00000042_U0.267387.poscar,False,,,,,,,,0.9998558627
rss_mini,40.0,,rss-n25-p400000bar,W-potential/fcc-restart/05-rss-round-1/rss-selection/source-frames/rss-n25-p400000bar.xyz,0,0.29102868765200013,14.72968455325449,0.5557935775374818,0.6488770560988947,,25,2.3027745438483525,2.052207814979406,0.8371890159674493,passed,1,rss-n25-p400000bar_frame00000000_U0.291029.poscar,True,57,cur-fill,0.1239243198,000057.poscar,2.185239813e-05,8.262646265e-06,0.9990118084,0.9999222966
rss_mini,40.0,,rss-n25-p400000bar,W-potential/fcc-restart/05-rss-round-1/rss-selection/source-frames/rss-n25-p400000bar.xyz,1,0.26131787844980103,14.71028826727078,1.9914374876788494,2.155930119174644,,25,2.3101958650259697,1.9453656978684808,0.7939519005918814,passed,2,rss-n25-p400000bar_frame00000001_U0.261318.poscar,False,,,,,,,,0.9999445664
rss_mini,40.0,,rss-n25-p400000bar,W-potential/fcc-restart/05-rss-round-1/rss-selection/source-frames/rss-n25-p400000bar.xyz,2,0.2416826472310031,14.846040983369036,0.3751622353777396,0.4623771954963628,,25,2.446046467557914,2.2875837217877537,0.9307651468351579,passed,3,rss-n25-p400000bar_frame00000002_U0.241683.poscar,True,80,cur-fill,0.02111892942,000080.poscar,3.804983216e-06,6.685840646e-07,0.9963012726,0.9999160347
rss_mini,40.0,,rss-n25-p400000bar,W-potential/fcc-restart/05-rss-round-1/rss-selection/source-frames/rss-n25-p400000bar.xyz,3,0.31628149985332155,14.780033738344509,0.6504181996858744,0.6083066523077428,,25,2.383574606450859,2.0315856126362357,0.8278341157684579,passed,4,rss-n25-p400000bar_frame00000003_U0.316281.poscar,False,,,,,,,,0.9999409951
rss_mini,40.0,,rss-n25-p400000bar,W-potential/fcc-restart/05-rss-round-1/rss-selection/source-frames/rss-n25-p400000bar.xyz,4,0.241144941100047,15.093012977917073,0.4101683877630657,0.5317563656231031,,25,2.3747942637379906,2.186077488799636,0.8845863569950855,passed,5,rss-n25-p400000bar_frame00000004_U0.241145.poscar,False,,,,,,,,0.9999567001
rss_mini,40.0,,rss-n25-p400000bar,W-potential/fcc-restart/05-rss-round-1/rss-selection/source-frames/rss-n25-p400000bar.xyz,6,0.22835574956003274,14.925132649758778,1.5047324272072247,1.500844320574863,,25,2.292091683785203,2.0145432129285394,0.8182208105155411,passed,6,rss-n25-p400000bar_frame00000006_U0.228356.poscar,True,67,cur-fill,0.03318157261,000067.poscar,5.192076168e-06,1.191014154e-06,0.9983026028,0.99997352
rss_mini,40.0,,rss-n25-p400000bar,W-potential/fcc-restart/05-rss-round-1/rss-selection/source-frames/rss-n25-p400000bar.xyz,9,0.2681637422244079,14.786060713661366,1.4790312622125057,1.673104130208241,,25,2.3276064936885135,2.0011845418125653,0.8153354231313913,passed,7,rss-n25-p400000bar_frame00000009_U0.268164.poscar,False,,,,,,,,0.9999502424
rss_mini,40.0,,rss-n25-p400000bar,W-potential/fcc-restart/05-rss-round-1/rss-selection/source-frames/rss-n25-p400000bar.xyz,10,0.2616191799711979,14.803067689502438,0.7794262292578144,0.9542574553520026,,25,2.3147772116482535,2.0675977422248484,0.8420711872865999,passed,8,rss-n25-p400000bar_frame00000010_U0.261619.poscar,True,74,cur-fill,0.02744471594,000074.poscar,3.804983216e-06,8.607542919e-07,0.9985233329,0.999866297
rss_mini,40.0,,rss-n25-p400000bar,W-potential/fcc-restart/05-rss-round-1/rss-selection/source-frames/rss-n25-p400000bar.xyz,11,0.2588169087454011,14.643713014394743,0.5590663892445097,0.6173644074384048,,25,2.463451709393405,1.93322205151793,0.7901896506708277,passed,9,rss-n25-p400000bar_frame00000011_U0.258817.poscar,False,,,,,,,,0.9999131411
rss_mini,40.0,,rss-n25-p400000bar,W-potential/fcc-restart/05-rss-round-1/rss-selection/source-frames/rss-n25-p400000bar.xyz,12,0.22739160434048852,14.70526518335457,0.3465820078269475,0.5371680091847035,,25,2.4021415494423084,1.9922724009395585,0.8131882569642517,passed,10,rss-n25-p400000bar_frame00000012_U0.227392.poscar,False,,,,,,,,0.9999448532
rss_mini,40.0,,rss-n25-p400000bar,W-potential/fcc-restart/05-rss-round-1/rss-selection/source-frames/rss-n25-p400000bar.xyz,15,0.26617326590779544,14.963940928703535,0.4264945514803132,0.5398912064736793,,25,2.4487400622910123,2.2784343492091064,0.9246013523206108,passed,12,rss-n25-p400000bar_frame00000015_U0.266173.poscar,False,,,,,,,,0.9999450721
rss_mini,40.0,,rss-n25-p400000bar,W-potential/fcc-restart/05-rss-round-1/rss-selection/source-frames/rss-n25-p400000bar.xyz,16,0.35570066426743263,14.781872284265727,0.38134799478274045,0.5626561056246269,,25,2.4367148360316384,1.994442076594547,0.812665106233035,passed,13,rss-n25-p400000bar_frame00000016_U0.355701.poscar,False,,,,,,,,0.9999558105
rss_mini,40.0,,rss-n25-p400000bar,W-potential/fcc-restart/05-rss-round-1/rss-selection/source-frames/rss-n25-p400000bar.xyz,17,0.2816892924766626,14.840937048027424,0.7925009361034404,0.8873714316672201,,25,2.3768767535007274,1.9523542878508877,0.794459061584291,passed,14,rss-n25-p400000bar_frame00000017_U0.281689.poscar,False,,,,,,,,0.9999342426
rss_mini,40.0,,rss-n25-p400000bar,W-potential/fcc-restart/05-rss-round-1/rss-selection/source-frames/rss-n25-p400000bar.xyz,19,0.28157530449387363,14.649014419090276,0.28384990562220147,0.4042728268229608,,25,2.503746884273745,2.10998886334073,0.8623376756667407,passed,16,rss-n25-p400000bar_frame00000019_U0.281575.poscar,False,,,,,,,,0.9997587826
rss_mini,40.0,,rss-n25-p400000bar,W-potential/fcc-restart/05-rss-round-1/rss-selection/source-frames/rss-n25-p400000bar.xyz,20,0.28836598311724526,14.746474764152774,0.4233180990509679,0.5183589881364019,,25,2.3583155250751586,2.0016835920867018,0.8162678508940837,passed,17,rss-n25-p400000bar_frame00000020_U0.288366.poscar,False,,,,,,,,0.9999509625
rss_mini,40.0,,rss-n25-p400000bar,W-potential/fcc-restart/05-rss-round-1/rss-selection/source-frames/rss-n25-p400000bar.xyz,22,0.38049978838813214,14.81038298184307,0.3938413823367679,0.5071117369514491,,25,2.350673693441298,2.1082407038354987,0.858482469160152,passed,18,rss-n25-p400000bar_frame00000022_U0.380500.poscar,False,,,,,,,,0.9999727758
rss_mini,40.0,,rss-n25-p400000bar,W-potential/fcc-restart/05-rss-round-1/rss-selection/source-frames/rss-n25-p400000bar.xyz,23,0.24587289703584111,14.79203421349805,0.5068581489745498,0.7066489709134478,,25,2.356440350990638,2.103374626915452,0.8568549891639554,passed,19,rss-n25-p400000bar_frame00000023_U0.245873.poscar,False,,,,,,,,0.9999741852
rss_mini,40.0,,rss-n25-p400000bar,W-potential/fcc-restart/05-rss-round-1/rss-selection/source-frames/rss-n25-p400000bar.xyz,24,0.21259539100965674,14.81269699160108,0.4426802574257866,0.6170539933589835,,25,2.431419400560642,1.9479211202569893,0.7931585072992591,passed,20,rss-n25-p400000bar_frame00000024_U0.212595.poscar,False,,,,,,,,0.9999582909
rss_mini,40.0,,rss-n25-p400000bar,W-potential/fcc-restart/05-rss-round-1/rss-selection/source-frames/rss-n25-p400000bar.xyz,25,0.27178601142740294,14.574580704015002,0.5037925069182795,0.4928582485026506,,25,2.3283813679280545,1.8651830095362045,0.7635827244810105,passed,21,rss-n25-p400000bar_frame00000025_U0.271786.poscar,False,,,,,,,,0.9997533332
rss_mini,40.0,,rss-n25-p400000bar,W-potential/fcc-restart/05-rss-round-1/rss-selection/source-frames/rss-n25-p400000bar.xyz,26,0.41598287445332943,14.853365463185012,1.0878153238492543,1.2069772097849911,,25,2.3674486725154744,1.9734112025493744,0.8028035796108469,passed,22,rss-n25-p400000bar_frame00000026_U0.415983.poscar,False,,,,,,,,0.9999294007
rss_mini,40.0,,rss-n25-p400000bar,W-potential/fcc-restart/05-rss-round-1/rss-selection/source-frames/rss-n25-p400000bar.xyz,29,0.22407445919279012,14.681534418627562,0.5687753436695736,0.7008770247773177,,25,2.286857953356227,1.9974538030508289,0.8157421964079039,passed,24,rss-n25-p400000bar_frame00000029_U0.224074.poscar,False,,,,,,,,0.9999403014
rss_mini,40.0,,rss-n25-p400000bar,W-potential/fcc-restart/05-rss-round-1/rss-selection/source-frames/rss-n25-p400000bar.xyz,30,0.26433097510171727,14.749650399861137,0.61563136346046,0.6552946257129199,,25,2.3500071716476665,1.9933518507058396,0.8128119028339237,passed,25,rss-n25-p400000bar_frame00000030_U0.264331.poscar,False,,,,,,,,0.9999060261
rss_mini,40.0,,rss-n25-p400000bar,W-potential/fcc-restart/05-rss-round-1/rss-selection/source-frames/rss-n25-p400000bar.xyz,31,0.27149170733113326,14.687822824488462,0.6774513459275275,0.7235630994873217,,25,2.4592254089182415,1.9691824465230487,0.8040816430421691,passed,26,rss-n25-p400000bar_frame00000031_U0.271492.poscar,False,,,,,,,,0.9998560074
rss_mini,40.0,,rss-n25-p400000bar,W-potential/fcc-restart/05-rss-round-1/rss-selection/source-frames/rss-n25-p400000bar.xyz,32,0.5457477672991642,14.836338816772113,1.0334004513960977,1.2339389344277252,,25,2.3062528787921295,1.9869270585031822,0.8086110587844121,passed,27,rss-n25-p400000bar_frame00000032_U0.545748.poscar,False,,,,,,,,0.9999398161
rss_mini,40.0,,rss-n25-p400000bar,W-potential/fcc-restart/05-rss-round-1/rss-selection/source-frames/rss-n25-p400000bar.xyz,33,0.22052317570401486,14.691802981994003,0.4266891444125663,0.4751020216539422,,25,2.396277128750324,1.9885969333467985,0.8119358796537628,passed,28,rss-n25-p400000bar_frame00000033_U0.220523.poscar,False,,,,,,,,0.9999217847
rss_mini,40.0,,rss-n25-p400000bar,W-potential/fcc-restart/05-rss-round-1/rss-selection/source-frames/rss-n25-p400000bar.xyz,34,0.22088496687172612,14.838289580354255,0.33405779165727834,0.37005468665857927,,25,2.4437386350823807,2.0387389769743574,0.8296603686036766,passed,29,rss-n25-p400000bar_frame00000034_U0.220885.poscar,False,,,,,,,,0.9999355725
rss_mini,40.0,,rss-n25-p400000bar,W-potential/fcc-restart/05-rss-round-1/rss-selection/source-frames/rss-n25-p400000bar.xyz,35,0.2770482728847493,14.755207875639865,0.49137657080454195,0.6787540392627763,,25,2.365556390438043,2.0603445540450798,0.8400234500002571,passed,30,rss-n25-p400000bar_frame00000035_U0.277048.poscar,False,,,,,,,,0.9999324847
rss_mini,40.0,,rss-n25-p400000bar,W-potential/fcc-restart/05-rss-round-1/rss-selection/source-frames/rss-n25-p400000bar.xyz,37,0.2687928583115473,14.540459008626563,0.42155124679948636,0.47755676009342796,,25,2.3360337621325136,1.8647675509902004,0.7640093342335785,passed,31,rss-n25-p400000bar_frame00000037_U0.268793.poscar,False,,,,,,,,0.9998974104
rss_mini,40.0,,rss-n25-p400000bar,W-potential/fcc-restart/05-rss-round-1/rss-selection/source-frames/rss-n25-p400000bar.xyz,40,0.2617671000926708,14.881415579863399,0.3683422171823688,0.5178034970583971,,25,2.4143579544401335,2.123398538020354,0.8632768582735085,passed,33,rss-n25-p400000bar_frame00000040_U0.261767.poscar,True,78,cur-fill,0.02376850553,000078.poscar,3.804983216e-06,6.331190598e-07,0.9994297685,0.9999859648
rss_mini,40.0,,rss-n25-p400000bar,W-potential/fcc-restart/05-rss-round-1/rss-selection/source-frames/rss-n25-p400000bar.xyz,41,0.3715570663281401,14.808976560656413,0.40803165506590755,0.40706734020229396,,25,2.4197282867074468,2.1365774705724427,0.8700488340578072,passed,34,rss-n25-p400000bar_frame00000041_U0.371557.poscar,False,,,,,,,,0.9999496997
rss_mini,40.0,,rss-n25-p400000bar,W-potential/fcc-restart/05-rss-round-1/rss-selection/source-frames/rss-n25-p400000bar.xyz,42,0.31256540785283154,14.602933209094521,0.5044558082812195,0.6217551733495665,,25,2.3535865735585935,1.9280391637726237,0.7888040863204515,passed,35,rss-n25-p400000bar_frame00000042_U0.312565.poscar,False,,,,,,,,0.9998668736
rss_mini,40.0,,rss-n25-p400000bar,W-potential/fcc-restart/05-rss-round-1/rss-selection/source-frames/rss-n25-p400000bar.xyz,43,0.24460249347349747,14.912036841097047,0.34674915374463433,0.6435191764046388,,25,2.3564906422725618,2.2271156028890853,0.9048232910280123,passed,36,rss-n25-p400000bar_frame00000043_U0.244602.poscar,False,,,,,,,,0.9999794391
rss_mini,40.0,,rss-n25-p400000bar,W-potential/fcc-restart/05-rss-round-1/rss-selection/source-frames/rss-n25-p400000bar.xyz,44,0.5029795674104246,14.92220733819272,1.8655974286696047,1.8679259115348232,,25,2.278550505213012,2.0741120718763524,0.8424701637589418,passed,37,rss-n25-p400000bar_frame00000044_U0.502980.poscar,False,,,,,,,,0.9999873468
rss_mini,40.0,,rss-n25-p400000bar,W-potential/fcc-restart/05-rss-round-1/rss-selection/source-frames/rss-n25-p400000bar.xyz,45,0.25638815509678303,14.69589787770213,0.3940681602141119,0.5848916795853897,,25,2.357614712680326,1.9434603993269624,0.793433111716256,passed,38,rss-n25-p400000bar_frame00000045_U0.256388.poscar,False,,,,,,,,0.999893611
rss_mini,40.0,,rss-n25-p400000bar,W-potential/fcc-restart/05-rss-round-1/rss-selection/source-frames/rss-n25-p400000bar.xyz,46,0.2293788295835064,14.510736521891188,0.4500201788764695,0.478625791200781,,25,2.325852048335531,1.8532291123908637,0.7598000102690752,passed,39,rss-n25-p400000bar_frame00000046_U0.229379.poscar,True,48,cur-fill,0.06126404483,000048.poscar,6.926595202e-05,1.954334766e-05,0.9974787145,0.9999511421
rss_mini,40.0,,rss-n25-p400000bar,W-potential/fcc-restart/05-rss-round-1/rss-selection/source-frames/rss-n25-p400000bar.xyz,47,0.3008356119052796,14.901673407400736,0.4014365694696778,0.4313746697512249,,25,2.4128734141784207,2.1471048696353146,0.8725190341299474,passed,40,rss-n25-p400000bar_frame00000047_U0.300836.poscar,False,,,,,,,,0.9999827485
rss_mini,40.0,,rss-n25-p400000bar,W-potential/fcc-restart/05-rss-round-1/rss-selection/source-frames/rss-n25-p400000bar.xyz,49,0.2269853176757183,14.789095921913942,1.737344369104931,1.7813182446297005,,25,2.347255724497541,1.9671746688949006,0.8014240691986126,passed,41,rss-n25-p400000bar_frame00000049_U0.226985.poscar,True,59,cur-fill,0.04181562314,000059.poscar,1.647237344e-05,3.813504811e-06,0.9992449326,0.9999221268
rss_mini,0.0,,rss-n9-p0bar,W-potential/fcc-restart/05-rss-round-1/rss-selection/source-frames/rss-n9-p0bar.xyz,31,0.21256212630852708,16.7405724465348,0.1918485323126564,0.2856328926985002,,9,2.462271228526352,1.983484405311442,0.7753635044951895,passed,5,rss-n9-p0bar_frame00000031_U0.212562.poscar,True,9,cur-fill,0.04121256581,000009.poscar,0.01284243025,0.002910015788,0.9979305222,0.9998205703
rss_mini,20.0,,rss-n9-p200000bar,W-potential/fcc-restart/05-rss-round-1/rss-selection/source-frames/rss-n9-p200000bar.xyz,18,0.21051562061612594,16.025687874618306,0.2454470800642446,0.2540138299361083,,9,2.418507144250665,2.2736322798841844,0.9018092103943339,passed,3,rss-n9-p200000bar_frame00000018_U0.210516.poscar,True,73,cur-fill,0.03171401251,000073.poscar,3.804983216e-06,7.707276337e-07,0.998464261,0.9999726632
rss_mini,20.0,,rss-n9-p200000bar,W-potential/fcc-restart/05-rss-round-1/rss-selection/source-frames/rss-n9-p200000bar.xyz,24,0.23360865199779443,16.157662577415923,0.25653243913951485,0.28062050587609705,,9,2.472056803115267,2.348147922538542,0.9288222430845026,passed,4,rss-n9-p200000bar_frame00000024_U0.233609.poscar,True,29,cur-fill,0.03272555413,000029.poscar,0.0008083834875,0.0001886331629,0.9976682647,0.9999061893
rss_mini,20.0,,rss-n9-p200000bar,W-potential/fcc-restart/05-rss-round-1/rss-selection/source-frames/rss-n9-p200000bar.xyz,31,0.2576458301850397,15.65571251342871,0.35939714162350334,0.34307876691758177,,9,2.3993787759653116,1.8988186649362095,0.7590304744770363,passed,5,rss-n9-p200000bar_frame00000031_U0.257646.poscar,False,,,,,,,,0.9999716401
rss_mini,20.0,,rss-n9-p200000bar,W-potential/fcc-restart/05-rss-round-1/rss-selection/source-frames/rss-n9-p200000bar.xyz,42,0.2442365311070325,15.91322295278861,0.20078656513267046,0.1651765015611176,,9,2.4209349109859413,2.1707267013752927,0.86301650031071,passed,6,rss-n9-p200000bar_frame00000042_U0.244237.poscar,True,17,cur-fill,0.04910076572,000017.poscar,0.00363389664,0.001146068727,0.9963539824,0.9999225329
rss_mini,40.0,,rss-n9-p400000bar,W-potential/fcc-restart/05-rss-round-1/rss-selection/source-frames/rss-n9-p400000bar.xyz,1,0.26998682171047167,15.183501651793286,0.3638778764130295,0.45472490036751134,,9,2.4541311501889096,2.2667860764712304,0.9154189307716615,passed,1,rss-n9-p400000bar_frame00000001_U0.269987.poscar,True,46,cur-fill,0.05471570614,000046.poscar,0.0001014988406,2.576799872e-05,0.9971820014,0.9999419496
rss_mini,40.0,,rss-n9-p400000bar,W-potential/fcc-restart/05-rss-round-1/rss-selection/source-frames/rss-n9-p400000bar.xyz,2,0.2119576092058256,14.8282551367298,0.2806031572912547,0.33596339345245374,,9,2.365822178333845,2.0085825179111163,0.8175726005037,passed,2,rss-n9-p400000bar_frame00000002_U0.211958.poscar,True,84,cur-fill,0.02129406675,000084.poscar,3.574930971e-06,5.961638962e-07,0.9994185472,0.9999720105
rss_mini,40.0,,rss-n9-p400000bar,W-potential/fcc-restart/05-rss-round-1/rss-selection/source-frames/rss-n9-p400000bar.xyz,18,0.2518708419938479,15.148116757566319,0.31399923426586357,0.4927273354472162,,9,2.3735428351319774,2.19725342237931,0.8880292447719792,passed,4,rss-n9-p400000bar_frame00000018_U0.251871.poscar,True,71,cur-fill,0.03520803887,000071.poscar,3.804983216e-06,7.427276481e-07,0.9954388425,0.9999784952
rss_mini,40.0,,rss-n9-p400000bar,W-potential/fcc-restart/05-rss-round-1/rss-selection/source-frames/rss-n9-p400000bar.xyz,20,0.22373321503871002,15.161181863334061,0.3025498410701817,0.49437005374548987,,9,2.440359852931357,2.0945213223005354,0.8462664039378496,passed,5,rss-n9-p400000bar_frame00000020_U0.223733.poscar,True,34,cur-fill,0.1403842722,000034.poscar,0.0003741110066,0.0001554278831,0.9969817341,0.9999672405
rss_mini,40.0,,rss-n9-p400000bar,W-potential/fcc-restart/05-rss-round-1/rss-selection/source-frames/rss-n9-p400000bar.xyz,24,0.28064022872913985,15.221344649933087,0.33577469639002494,0.31666609706170834,,9,2.4013577449613113,2.246228348869489,0.9063645219471225,passed,6,rss-n9-p400000bar_frame00000024_U0.280640.poscar,False,,,,,,,,0.9999513765
rss_mini,40.0,,rss-n9-p400000bar,W-potential/fcc-restart/05-rss-round-1/rss-selection/source-frames/rss-n9-p400000bar.xyz,30,0.2700797724447705,15.02813095170878,0.35360548765288174,0.42023027968639776,,9,2.3746456391341515,2.031838719226829,0.8233558493059892,passed,7,rss-n9-p400000bar_frame00000030_U0.270080.poscar,True,41,cur-fill,0.06273374373,000041.poscar,0.000151751796,4.099295817e-05,0.9973765688,0.9999750475
rss_mini,40.0,,rss-n9-p400000bar,W-potential/fcc-restart/05-rss-round-1/rss-selection/source-frames/rss-n9-p400000bar.xyz,31,0.3382795990705497,14.80258279234077,0.4670846233474201,0.44710463726755795,,9,2.3478413796466997,1.8657993532058033,0.7598929907246612,passed,8,rss-n9-p400000bar_frame00000031_U0.338280.poscar,True,66,cur-fill,0.08193961036,000066.poscar,5.827209515e-06,1.883236173e-06,0.9981433709,0.9999697973
rss_mini,40.0,,rss-n9-p400000bar,W-potential/fcc-restart/05-rss-round-1/rss-selection/source-frames/rss-n9-p400000bar.xyz,42,0.29134707578424507,15.115164010986234,0.1976971680485964,0.36887191045814566,,9,2.3941647639165082,2.109992763320389,0.8533817371409396,passed,9,rss-n9-p400000bar_frame00000042_U0.291347.poscar,False,,,,,,,,0.999926041
rss_mini,40.0,,rss-n9-p400000bar,W-potential/fcc-restart/05-rss-round-1/rss-selection/source-frames/rss-n9-p400000bar.xyz,46,0.21710912752420375,14.895337754804352,0.2904077473047363,0.329392810079668,,9,2.3422207126791372,2.016201715841059,0.8194400663555486,passed,10,rss-n9-p400000bar_frame00000046_U0.217109.poscar,True,20,cur-fill,0.03937882386,000020.poscar,0.002449388406,0.0006165651995,0.9940507206,0.9999628919
rss_mini,40.0,,rss-n9-p400000bar,W-potential/fcc-restart/05-rss-round-1/rss-selection/source-frames/rss-n9-p400000bar.xyz,47,0.25847393492149534,14.847004072948364,0.4434442129913279,0.3713058158578218,,9,2.37100986742093,1.9597798361299477,0.7973720512005729,passed,11,rss-n9-p400000bar_frame00000047_U0.258474.poscar,True,14,cur-fill,0.04068826952,000014.poscar,0.006842324296,0.001430236379,0.9962770063,0.9999702176
