source_type,source_value,scale_factor,trajectory,trajectory_path,frame,uncertainty,volume_per_atom,max_force,max_force_model0,candidate_rank_source,min_distance_A,void_radius_A,normalized_void,physical_gate_reasons
rss_mini,0.0,,rss-n10-p0bar,Ta-potential/fcc-restart/05-rss-round-1/rss-selection/source-frames/rss-n10-p0bar.xyz,39,0.1958233720255224,20.367580144706285,0.3122285839825595,0.2193434445838142,5,2.6271337339165366,2.613868213879903,0.9571291494044518,normalized_void>0.942271
rss_mini,40.0,,rss-n10-p400000bar,Ta-potential/fcc-restart/05-rss-round-1/rss-selection/source-frames/rss-n10-p400000bar.xyz,3,177.9892291942599,12.35150848736382,127.12611328576935,99.4558145088014,4,0.8961172478676185,2.050343996594947,0.886992737435423,min_distance_A<1.77532
rss_mini,0.0,,rss-n15-p0bar,Ta-potential/fcc-restart/05-rss-round-1/rss-selection/source-frames/rss-n15-p0bar.xyz,16,68.26840047515526,19.802715923153425,53.58583983774761,95.93265838113876,1,0.7639323550494952,2.5830548392359516,0.9547552182503674,min_distance_A<1.77532;normalized_void>0.942271
rss_mini,0.0,,rss-n15-p0bar,Ta-potential/fcc-restart/05-rss-round-1/rss-selection/source-frames/rss-n15-p0bar.xyz,41,111.27944389997383,18.0368473826732,113.27082273082058,118.22939421464874,2,0.6205063199610101,2.590833903495188,0.9879145036458657,min_distance_A<1.77532;normalized_void>0.942271
rss_mini,20.0,,rss-n15-p200000bar,Ta-potential/fcc-restart/05-rss-round-1/rss-selection/source-frames/rss-n15-p200000bar.xyz,16,65.11760607314366,17.672523162154246,51.9968238823018,95.44194516430092,1,0.7564218517238371,2.3894121169599147,0.9173284759601212,min_distance_A<1.77532
rss_mini,40.0,,rss-n15-p400000bar,Ta-potential/fcc-restart/05-rss-round-1/rss-selection/source-frames/rss-n15-p400000bar.xyz,2,0.19982105376034462,16.091835597212555,0.22203013215888573,0.2626342639786165,1,2.615390761618752,2.5239412613366925,0.9997176996735948,normalized_void>0.942271
rss_mini,40.0,,rss-n15-p400000bar,Ta-potential/fcc-restart/05-rss-round-1/rss-selection/source-frames/rss-n15-p400000bar.xyz,15,0.275625497196695,16.014737754978253,0.34685984932008757,0.5817867439408017,6,2.5926747117258877,2.495819353262478,0.9901626438851475,normalized_void>0.942271
rss_mini,40.0,,rss-n15-p400000bar,Ta-potential/fcc-restart/05-rss-round-1/rss-selection/source-frames/rss-n15-p400000bar.xyz,16,74.39823233683,16.10120787089525,54.87458371627115,89.20947323306272,7,0.7710384906118714,2.3445808461254747,0.9284939118919961,min_distance_A<1.77532
rss_mini,40.0,,rss-n15-p400000bar,Ta-potential/fcc-restart/05-rss-round-1/rss-selection/source-frames/rss-n15-p400000bar.xyz,22,0.2218520644885108,16.427427103038088,0.48222306429292366,0.326125903084717,9,2.2821995774026362,2.470796785784935,0.9719572825613062,normalized_void>0.942271
rss_mini,40.0,,rss-n15-p400000bar,Ta-potential/fcc-restart/05-rss-round-1/rss-selection/source-frames/rss-n15-p400000bar.xyz,23,0.27133359376535277,16.027307503095425,0.07761778745489144,0.2539985663869272,10,2.5758012171303797,2.4925076493637364,0.9885902205992887,normalized_void>0.942271
rss_mini,40.0,,rss-n15-p400000bar,Ta-potential/fcc-restart/05-rss-round-1/rss-selection/source-frames/rss-n15-p400000bar.xyz,24,0.23431081676634494,15.994917332517502,0.485917936095922,0.8296204236071947,11,2.6251340611090717,2.465601396353276,0.9785781941248681,normalized_void>0.942271
rss_mini,40.0,,rss-n15-p400000bar,Ta-potential/fcc-restart/05-rss-round-1/rss-selection/source-frames/rss-n15-p400000bar.xyz,28,0.26171545297243237,15.952913583095237,1.005290769544409,1.0728017962669838,13,2.5649547785318,2.377249928556732,0.9443395355075849,normalized_void>0.942271
rss_mini,0.0,,rss-n18-p0bar,Ta-potential/fcc-restart/05-rss-round-1/rss-selection/source-frames/rss-n18-p0bar.xyz,4,276.4643142041068,16.65432505928317,275.08363457983967,221.29886974378383,1,0.9109467367613151,2.6554664721624803,1.0398367049141535,min_distance_A<1.77532;normalized_void>0.942271
rss_mini,0.0,,rss-n18-p0bar,Ta-potential/fcc-restart/05-rss-round-1/rss-selection/source-frames/rss-n18-p0bar.xyz,20,113.70845382411409,18.939982144468885,118.06437512029513,117.78002364593613,3,0.6111958462581463,2.787981402956531,1.0459157046942136,min_distance_A<1.77532;normalized_void>0.942271
rss_mini,20.0,,rss-n18-p200000bar,Ta-potential/fcc-restart/05-rss-round-1/rss-selection/source-frames/rss-n18-p200000bar.xyz,16,325.8904947697972,13.009645791435595,314.8125680199255,296.1916359188165,3,0.4577675356453822,2.5468217865322202,1.082871022543637,min_distance_A<1.77532;normalized_void>0.942271
rss_mini,40.0,,rss-n18-p400000bar,Ta-potential/fcc-restart/05-rss-round-1/rss-selection/source-frames/rss-n18-p400000bar.xyz,21,0.25631413160595784,15.888263238275847,0.2675826627426629,0.5179668500157142,6,2.575279196352051,2.4700875920352643,0.9825474779380169,normalized_void>0.942271
rss_mini,40.0,,rss-n18-p400000bar,Ta-potential/fcc-restart/05-rss-round-1/rss-selection/source-frames/rss-n18-p400000bar.xyz,31,428.30671848191525,11.403326143588313,350.53748706432435,368.0039737818198,8,0.5299278468926827,2.1682573829325036,0.963312033174507,min_distance_A<1.77532;normalized_void>0.942271
rss_mini,0.0,,rss-n20-p0bar,Ta-potential/fcc-restart/05-rss-round-1/rss-selection/source-frames/rss-n20-p0bar.xyz,9,0.19473878915869539,18.659129201435917,1.1673444080806707,1.2472810547848792,1,2.7250885488437997,2.726450744934829,1.0279386579505163,normalized_void>0.942271
rss_mini,0.0,,rss-n20-p0bar,Ta-potential/fcc-restart/05-rss-round-1/rss-selection/source-frames/rss-n20-p0bar.xyz,20,0.22712918550496475,19.621378378276813,0.21071227534586123,0.32352539578004225,2,2.5732238118068835,2.609031141514452,0.9673183475304489,normalized_void>0.942271
rss_mini,20.0,,rss-n20-p200000bar,Ta-potential/fcc-restart/05-rss-round-1/rss-selection/source-frames/rss-n20-p200000bar.xyz,3,250.83564376353578,14.470274156230712,186.802230787983,282.3855458128902,1,0.6065316675677027,2.446659809722557,1.0040330332704157,min_distance_A<1.77532;normalized_void>0.942271
rss_mini,40.0,,rss-n20-p400000bar,Ta-potential/fcc-restart/05-rss-round-1/rss-selection/source-frames/rss-n20-p400000bar.xyz,12,0.2386479049201598,15.849601456454428,0.28406628849301613,0.40226974879920524,4,2.593742924166887,2.468582947707658,0.9827467342013655,normalized_void>0.942271
rss_mini,40.0,,rss-n20-p400000bar,Ta-potential/fcc-restart/05-rss-round-1/rss-selection/source-frames/rss-n20-p400000bar.xyz,14,0.24489059236916677,15.838530078026022,0.7636662771581412,1.0376232522056306,6,2.596752996282558,2.392416782727994,0.9526467329759165,normalized_void>0.942271
rss_mini,40.0,,rss-n20-p400000bar,Ta-potential/fcc-restart/05-rss-round-1/rss-selection/source-frames/rss-n20-p400000bar.xyz,19,0.23199633857531274,15.820679497326648,0.2271935283903748,0.3716887256767596,8,2.6035259485224693,2.4860251633136126,0.9902932284491088,normalized_void>0.942271
rss_mini,40.0,,rss-n20-p400000bar,Ta-potential/fcc-restart/05-rss-round-1/rss-selection/source-frames/rss-n20-p400000bar.xyz,25,0.26144946170143923,15.860932307089888,1.6696764453172452,1.8725151905457627,11,2.608306721653941,2.49780952309285,0.9941450318807907,normalized_void>0.942271
rss_mini,40.0,,rss-n20-p400000bar,Ta-potential/fcc-restart/05-rss-round-1/rss-selection/source-frames/rss-n20-p400000bar.xyz,30,0.24309943074578672,15.825856001432191,0.21827420492786495,0.4676120860182998,13,2.6136980353223405,2.5241000538653022,1.0053504951698689,normalized_void>0.942271
rss_mini,0.0,,rss-n22-p0bar,Ta-potential/fcc-restart/05-rss-round-1/rss-selection/source-frames/rss-n22-p0bar.xyz,7,136.1414511742584,18.11409962369076,140.15213656045768,177.3659140982803,1,0.5017471320736152,3.2516447956909773,1.2381241096815248,min_distance_A<1.77532;normalized_void>0.942271
rss_mini,0.0,,rss-n22-p0bar,Ta-potential/fcc-restart/05-rss-round-1/rss-selection/source-frames/rss-n22-p0bar.xyz,21,0.19002553041442227,19.055809967536387,0.17151110817180287,0.557283986180028,2,2.7122379057318127,2.526073676082251,0.9457366265447026,normalized_void>0.942271
rss_mini,20.0,,rss-n22-p200000bar,Ta-potential/fcc-restart/05-rss-round-1/rss-selection/source-frames/rss-n22-p200000bar.xyz,25,0.20324700172565816,17.478229011950567,0.3103933208032361,0.34398904862552165,5,2.548931020812485,2.5385210049946636,0.9781713823505492,normalized_void>0.942271
rss_mini,20.0,,rss-n22-p200000bar,Ta-potential/fcc-restart/05-rss-round-1/rss-selection/source-frames/rss-n22-p200000bar.xyz,38,0.22407481819296834,17.35660564322671,0.6135203249298138,0.7601514006980036,6,2.6419691311931666,2.5556777902744834,0.987077305286319,normalized_void>0.942271
rss_mini,40.0,,rss-n22-p400000bar,Ta-potential/fcc-restart/05-rss-round-1/rss-selection/source-frames/rss-n22-p400000bar.xyz,7,152.92541614272352,14.306478241238743,119.27298988649203,181.25967367435294,3,0.4730243342116592,2.8376786667478244,1.1689222778101291,min_distance_A<1.77532;normalized_void>0.942271
rss_mini,40.0,,rss-n22-p400000bar,Ta-potential/fcc-restart/05-rss-round-1/rss-selection/source-frames/rss-n22-p400000bar.xyz,35,0.2479163043298693,16.18230566314912,0.5727109020784588,0.5972144832110539,10,2.5498085291053516,2.4958693324806958,0.9867528241254436,normalized_void>0.942271
rss_mini,40.0,,rss-n22-p400000bar,Ta-potential/fcc-restart/05-rss-round-1/rss-selection/source-frames/rss-n22-p400000bar.xyz,39,0.22040389410724334,16.081876147091084,0.214617034324126,0.4432135688305658,12,2.555499328170522,2.4315722787442913,0.963329690688419,normalized_void>0.942271
rss_mini,0.0,,rss-n25-p0bar,Ta-potential/fcc-restart/05-rss-round-1/rss-selection/source-frames/rss-n25-p0bar.xyz,11,130.58063569591613,16.910912573898663,141.00847486394886,141.3051270211616,2,0.5571691009617619,2.472509299457768,0.9632719608865201,min_distance_A<1.77532;normalized_void>0.942271
rss_mini,0.0,,rss-n25-p0bar,Ta-potential/fcc-restart/05-rss-round-1/rss-selection/source-frames/rss-n25-p0bar.xyz,14,674.564582517106,14.266626836556792,524.0001667523026,415.2585135961558,3,0.5717506133081932,2.46877047596279,1.0179042970967365,min_distance_A<1.77532;normalized_void>0.942271
rss_mini,0.0,,rss-n25-p0bar,Ta-potential/fcc-restart/05-rss-round-1/rss-selection/source-frames/rss-n25-p0bar.xyz,19,439.2095521401937,15.914695566220923,328.1374739661432,342.03346763087234,4,0.6661981955282024,2.7371768615514473,1.0881867034273827,min_distance_A<1.77532;normalized_void>0.942271
rss_mini,0.0,,rss-n25-p0bar,Ta-potential/fcc-restart/05-rss-round-1/rss-selection/source-frames/rss-n25-p0bar.xyz,23,158.85103602343193,18.55426569769816,164.41680347775895,144.9787008664154,6,0.5182896758959631,2.8095843353010235,1.0612738967089363,min_distance_A<1.77532;normalized_void>0.942271
rss_mini,0.0,,rss-n25-p0bar,Ta-potential/fcc-restart/05-rss-round-1/rss-selection/source-frames/rss-n25-p0bar.xyz,25,375.16432158712104,12.14622425903879,401.34318084683565,358.99485814212494,7,0.33805968234104794,2.417130548205678,1.0515251763239437,min_distance_A<1.77532;normalized_void>0.942271
rss_mini,0.0,,rss-n25-p0bar,Ta-potential/fcc-restart/05-rss-round-1/rss-selection/source-frames/rss-n25-p0bar.xyz,42,476.76659348991967,12.92349412333176,366.237551632509,426.14377927047366,10,0.24707987894872574,2.3946635088989012,1.0204330425705406,min_distance_A<1.77532;normalized_void>0.942271
rss_mini,20.0,,rss-n25-p200000bar,Ta-potential/fcc-restart/05-rss-round-1/rss-selection/source-frames/rss-n25-p200000bar.xyz,16,505.6682513944169,15.177854593876242,350.8396993412473,207.20892507655503,6,0.44538254102837643,2.5561027545055794,1.0323845876002207,min_distance_A<1.77532;normalized_void>0.942271
rss_mini,20.0,,rss-n25-p200000bar,Ta-potential/fcc-restart/05-rss-round-1/rss-selection/source-frames/rss-n25-p200000bar.xyz,21,475.22812469515384,11.771287126338692,332.5221750462248,303.57299511755605,9,0.6628897739714292,2.384587107821864,1.0482669027487832,min_distance_A<1.77532;normalized_void>0.942271
rss_mini,20.0,,rss-n25-p200000bar,Ta-potential/fcc-restart/05-rss-round-1/rss-selection/source-frames/rss-n25-p200000bar.xyz,39,526.3941071589984,11.000440975007935,466.7952571864872,393.3684357321296,14,0.43904506897677736,2.3255853569230904,1.0456722571839643,min_distance_A<1.77532;normalized_void>0.942271
rss_mini,20.0,,rss-n9-p200000bar,Ta-potential/fcc-restart/05-rss-round-1/rss-selection/source-frames/rss-n9-p200000bar.xyz,35,0.20568875227807826,17.587814982982582,0.21942170038070635,0.3732683981809142,3,2.670434502777725,2.5571815730991316,0.9833110890029063,normalized_void>0.942271
