source_type,source_value,scale_factor,trajectory,trajectory_path,frame,uncertainty,volume_per_atom,max_force,max_force_model0,candidate_rank_source,natoms,min_distance_A,void_radius_A,normalized_void,geometry_gate_status,physical_gate_reasons
rss_mini,0.0,,rss-n10-p0bar,Ta-potential/fcc-restart/05-rss-round-1/rss-selection/source-frames/rss-n10-p0bar.xyz,2,0.18837184793775405,18.878142783893708,0.2853953847600884,0.43882035537730324,1,10,2.5713586906166683,2.064817623147478,0.7754645387436995,passed,
rss_mini,0.0,,rss-n10-p0bar,Ta-potential/fcc-restart/05-rss-round-1/rss-selection/source-frames/rss-n10-p0bar.xyz,4,0.2500300593934237,18.897270214004283,0.2151935593620151,0.7105522179006263,2,10,2.460814814801117,2.0958324506195654,0.7868468358305734,passed,
rss_mini,0.0,,rss-n10-p0bar,Ta-potential/fcc-restart/05-rss-round-1/rss-selection/source-frames/rss-n10-p0bar.xyz,12,0.19551653701928287,18.183357266531342,1.989160010518959,2.032047787358939,3,10,2.750625667284356,1.968424292923627,0.7485612796365215,passed,
rss_mini,0.0,,rss-n10-p0bar,Ta-potential/fcc-restart/05-rss-round-1/rss-selection/source-frames/rss-n10-p0bar.xyz,19,0.18521046760527468,18.88304941465281,0.17329691663008795,0.47470437701963125,4,10,2.4814724476917283,2.049538684288039,0.7696596932417162,passed,
rss_mini,0.0,,rss-n10-p0bar,Ta-potential/fcc-restart/05-rss-round-1/rss-selection/source-frames/rss-n10-p0bar.xyz,39,0.1958233720255224,20.367580144706285,0.3122285839825595,0.2193434445838142,5,10,2.6271337339165366,2.613868213879903,0.9571291494044518,rejected,normalized_void>0.942271
rss_mini,0.0,,rss-n10-p0bar,Ta-potential/fcc-restart/05-rss-round-1/rss-selection/source-frames/rss-n10-p0bar.xyz,46,0.1932156267468143,18.929589273368787,0.2758870610566101,0.38308659611065465,6,10,2.5735267629863414,2.1153210440639327,0.7937112932103922,passed,
rss_mini,20.0,,rss-n10-p200000bar,Ta-potential/fcc-restart/05-rss-round-1/rss-selection/source-frames/rss-n10-p200000bar.xyz,0,0.22033149227462398,17.201918908648757,0.2575944871665838,0.4977838291802959,1,10,2.4662283512143928,2.07148591523892,0.8024593087983243,passed,
rss_mini,20.0,,rss-n10-p200000bar,Ta-potential/fcc-restart/05-rss-round-1/rss-selection/source-frames/rss-n10-p200000bar.xyz,2,0.19859627530665486,17.248281660342748,0.23452736355554188,0.47292028894517135,2,10,2.486858226759609,2.0456887642409645,0.7917552431242205,passed,
rss_mini,20.0,,rss-n10-p200000bar,Ta-potential/fcc-restart/05-rss-round-1/rss-selection/source-frames/rss-n10-p200000bar.xyz,4,0.27844226773020353,17.22351686728022,0.2695292216561411,0.4846012615635074,3,10,2.3602306276894143,1.9812841071180265,0.7671956722051705,passed,
rss_mini,20.0,,rss-n10-p200000bar,Ta-potential/fcc-restart/05-rss-round-1/rss-selection/source-frames/rss-n10-p200000bar.xyz,13,0.20924157615951117,17.31484418745405,0.158663674495939,0.34808989552400943,4,10,2.4567260909547155,2.0808150584586866,0.8043170706616668,passed,
rss_mini,20.0,,rss-n10-p200000bar,Ta-potential/fcc-restart/05-rss-round-1/rss-selection/source-frames/rss-n10-p200000bar.xyz,18,0.18970399499082663,17.191392808341487,0.24510593003896905,0.3448297187559115,5,10,2.4418328551583026,2.0913128984835416,0.8103052663286223,passed,
rss_mini,20.0,,rss-n10-p200000bar,Ta-potential/fcc-restart/05-rss-round-1/rss-selection/source-frames/rss-n10-p200000bar.xyz,19,0.27037456739812854,17.215549186258833,0.23645361282875424,0.5719517570666143,6,10,2.3653216514627715,2.0001457781696383,0.7746187813795965,passed,
rss_mini,20.0,,rss-n10-p200000bar,Ta-potential/fcc-restart/05-rss-round-1/rss-selection/source-frames/rss-n10-p200000bar.xyz,20,0.24748845890626953,17.25576263997307,0.3598299325995097,0.2701990365381996,7,10,2.515714070424882,2.22710929732373,0.8618469417062928,passed,
rss_mini,20.0,,rss-n10-p200000bar,Ta-potential/fcc-restart/05-rss-round-1/rss-selection/source-frames/rss-n10-p200000bar.xyz,46,0.2259160966145795,17.390669432095027,0.21868357158887725,0.5113797367059069,8,10,2.5095411093976425,2.113916659605468,0.8159228481177987,passed,
rss_mini,40.0,,rss-n10-p400000bar,Ta-potential/fcc-restart/05-rss-round-1/rss-selection/source-frames/rss-n10-p400000bar.xyz,0,0.22120026563417375,15.992328930165252,0.294678997566295,0.43409827660583084,1,10,2.4425000055158983,2.02900108476966,0.8053383389811959,passed,
rss_mini,40.0,,rss-n10-p400000bar,Ta-potential/fcc-restart/05-rss-round-1/rss-selection/source-frames/rss-n10-p400000bar.xyz,1,0.18361625392389277,16.114911128438774,0.21165792085615617,0.49098691174242787,2,10,2.4532328753324557,2.0393945152425124,0.8074059435389088,passed,
rss_mini,40.0,,rss-n10-p400000bar,Ta-potential/fcc-restart/05-rss-round-1/rss-selection/source-frames/rss-n10-p400000bar.xyz,2,0.30398922181725224,16.038639566350884,0.31175232985701373,0.7789650165787625,3,10,2.3860611466852815,1.9895114621221428,0.7889035972333385,passed,
rss_mini,40.0,,rss-n10-p400000bar,Ta-potential/fcc-restart/05-rss-round-1/rss-selection/source-frames/rss-n10-p400000bar.xyz,3,177.9892291942599,12.35150848736382,127.12611328576935,99.4558145088014,4,10,0.8961172478676185,2.050343996594947,0.886992737435423,rejected,min_distance_A<1.77532
rss_mini,40.0,,rss-n10-p400000bar,Ta-potential/fcc-restart/05-rss-round-1/rss-selection/source-frames/rss-n10-p400000bar.xyz,5,0.3059704772143629,15.99246427396329,0.3188249521168587,0.5148470837495889,5,10,2.299327823909716,1.9748036573057222,0.7838244260447353,passed,
rss_mini,40.0,,rss-n10-p400000bar,Ta-potential/fcc-restart/05-rss-round-1/rss-selection/source-frames/rss-n10-p400000bar.xyz,9,0.2880402506648927,16.00428547672657,0.14713648696885429,0.38121744698429905,6,10,2.1842523231978137,1.9565498388948817,0.7763880077948184,passed,
rss_mini,40.0,,rss-n10-p400000bar,Ta-potential/fcc-restart/05-rss-round-1/rss-selection/source-frames/rss-n10-p400000bar.xyz,16,0.1913209289926282,16.047704791754903,0.16616437300329218,0.23933846098626804,7,10,2.443499301815642,2.1444623160546943,0.8501863149524237,passed,
rss_mini,40.0,,rss-n10-p400000bar,Ta-potential/fcc-restart/05-rss-round-1/rss-selection/source-frames/rss-n10-p400000bar.xyz,20,0.37211680522647367,16.004852413182437,0.39901583872384894,0.9480238421622501,8,10,2.3140233167146578,1.9779861226753506,0.7848849754523157,passed,
rss_mini,40.0,,rss-n10-p400000bar,Ta-potential/fcc-restart/05-rss-round-1/rss-selection/source-frames/rss-n10-p400000bar.xyz,21,0.2905903288692419,16.039369441990758,0.3270443740900411,0.31489416712400575,9,10,2.4208879227756577,2.1344220398735207,0.8463523410391299,passed,
rss_mini,40.0,,rss-n10-p400000bar,Ta-potential/fcc-restart/05-rss-round-1/rss-selection/source-frames/rss-n10-p400000bar.xyz,22,0.2074083363417361,15.496915452284734,2.360196675225349,2.194933209053139,10,10,2.6309115822756803,1.8639798707542612,0.7476404614360652,passed,
rss_mini,40.0,,rss-n10-p400000bar,Ta-potential/fcc-restart/05-rss-round-1/rss-selection/source-frames/rss-n10-p400000bar.xyz,40,0.22614507368143003,16.093093729319687,0.5627687545601336,0.6517927156560427,11,10,2.3845336649272566,2.1214470784982673,0.8402703169758206,passed,
rss_mini,40.0,,rss-n10-p400000bar,Ta-potential/fcc-restart/05-rss-round-1/rss-selection/source-frames/rss-n10-p400000bar.xyz,41,0.21332012716655582,16.13705025472889,0.22067387010657746,0.4217850213626699,12,10,2.3595192933429128,2.004359234444624,0.7931722486353062,passed,
rss_mini,40.0,,rss-n10-p400000bar,Ta-potential/fcc-restart/05-rss-round-1/rss-selection/source-frames/rss-n10-p400000bar.xyz,42,0.2106084467304982,16.047905736457214,0.28262006636628256,0.38366575423223026,13,10,2.227993236443811,1.9837063789291032,0.7864502744163377,passed,
rss_mini,20.0,,rss-n12-p200000bar,Ta-potential/fcc-restart/05-rss-round-1/rss-selection/source-frames/rss-n12-p200000bar.xyz,36,0.1868165571283268,17.12374491603801,0.4574748342180412,0.47883181942842007,1,12,2.479510491863916,2.0792517762866676,0.8066915316855168,passed,
rss_mini,40.0,,rss-n12-p400000bar,Ta-potential/fcc-restart/05-rss-round-1/rss-selection/source-frames/rss-n12-p400000bar.xyz,19,0.19458202312327805,15.83714137654369,0.19810846549775565,0.3176372158424935,1,12,2.4406995628572385,1.9889918706870207,0.7920283800435776,passed,
rss_mini,40.0,,rss-n12-p400000bar,Ta-potential/fcc-restart/05-rss-round-1/rss-selection/source-frames/rss-n12-p400000bar.xyz,26,0.19055844316850232,15.616757752408608,2.2016993744476747,2.0753142678122067,2,12,2.5559923222219756,1.9138550827007212,0.7656766892263578,passed,
rss_mini,40.0,,rss-n12-p400000bar,Ta-potential/fcc-restart/05-rss-round-1/rss-selection/source-frames/rss-n12-p400000bar.xyz,46,0.1852083912896155,15.390366753724024,1.4278660029404577,1.4015273267935475,3,12,2.65681076337447,1.7897239068000712,0.7195092522493293,passed,
rss_mini,0.0,,rss-n15-p0bar,Ta-potential/fcc-restart/05-rss-round-1/rss-selection/source-frames/rss-n15-p0bar.xyz,16,68.26840047515526,19.802715923153425,53.58583983774761,95.93265838113876,1,15,0.7639323550494952,2.5830548392359516,0.9547552182503674,rejected,min_distance_A<1.77532;normalized_void>0.942271
rss_mini,0.0,,rss-n15-p0bar,Ta-potential/fcc-restart/05-rss-round-1/rss-selection/source-frames/rss-n15-p0bar.xyz,41,111.27944389997383,18.0368473826732,113.27082273082058,118.22939421464874,2,15,0.6205063199610101,2.590833903495188,0.9879145036458657,rejected,min_distance_A<1.77532;normalized_void>0.942271
rss_mini,20.0,,rss-n15-p200000bar,Ta-potential/fcc-restart/05-rss-round-1/rss-selection/source-frames/rss-n15-p200000bar.xyz,16,65.11760607314366,17.672523162154246,51.9968238823018,95.44194516430092,1,15,0.7564218517238371,2.3894121169599147,0.9173284759601212,rejected,min_distance_A<1.77532
rss_mini,20.0,,rss-n15-p200000bar,Ta-potential/fcc-restart/05-rss-round-1/rss-selection/source-frames/rss-n15-p200000bar.xyz,17,0.18400956533157875,17.157728268401307,0.404026098009311,0.4961499009653439,2,15,2.482501595939463,2.123558711227854,0.8233370850620767,passed,
rss_mini,20.0,,rss-n15-p200000bar,Ta-potential/fcc-restart/05-rss-round-1/rss-selection/source-frames/rss-n15-p200000bar.xyz,28,0.1871242150214302,17.144282668903593,0.2787041085395976,0.2764229222322266,3,15,2.59773867757566,2.1966986619431172,0.8519171856070976,passed,
rss_mini,20.0,,rss-n15-p200000bar,Ta-potential/fcc-restart/05-rss-round-1/rss-selection/source-frames/rss-n15-p200000bar.xyz,47,0.18817133976153125,17.264654213107498,0.2883579752192645,0.519267605378056,4,15,2.5458007123272193,2.084900128701326,0.8066762944678638,passed,
rss_mini,40.0,,rss-n15-p400000bar,Ta-potential/fcc-restart/05-rss-round-1/rss-selection/source-frames/rss-n15-p400000bar.xyz,2,0.19982105376034462,16.091835597212555,0.22203013215888573,0.2626342639786165,1,15,2.615390761618752,2.5239412613366925,0.9997176996735948,rejected,normalized_void>0.942271
rss_mini,40.0,,rss-n15-p400000bar,Ta-potential/fcc-restart/05-rss-round-1/rss-selection/source-frames/rss-n15-p400000bar.xyz,5,0.21950466959934764,15.843719892612079,0.4226394535294263,0.5576833929975665,2,15,2.4457467338386287,2.0133343792536564,0.801610734500547,passed,
rss_mini,40.0,,rss-n15-p400000bar,Ta-potential/fcc-restart/05-rss-round-1/rss-selection/source-frames/rss-n15-p400000bar.xyz,6,0.19030575234137703,15.906801588713853,0.3916484176032182,0.4997922115094484,3,15,2.4918426975489374,2.0620333516100287,0.8199135506253309,passed,
rss_mini,40.0,,rss-n15-p400000bar,Ta-potential/fcc-restart/05-rss-round-1/rss-selection/source-frames/rss-n15-p400000bar.xyz,9,0.21160703165787634,16.000006497479486,0.19462141947425635,0.2958846111440215,4,15,2.3477105822788524,2.009086185021334,0.7973062729727346,passed,
rss_mini,40.0,,rss-n15-p400000bar,Ta-potential/fcc-restart/05-rss-round-1/rss-selection/source-frames/rss-n15-p400000bar.xyz,12,0.19604763043260018,15.998150946478466,0.5780866596979285,0.6141495250548572,5,15,2.4483910988729525,2.2141700603493595,0.8787278223706303,passed,
rss_mini,40.0,,rss-n15-p400000bar,Ta-potential/fcc-restart/05-rss-round-1/rss-selection/source-frames/rss-n15-p400000bar.xyz,15,0.275625497196695,16.014737754978253,0.34685984932008757,0.5817867439408017,6,15,2.5926747117258877,2.495819353262478,0.9901626438851475,rejected,normalized_void>0.942271
rss_mini,40.0,,rss-n15-p400000bar,Ta-potential/fcc-restart/05-rss-round-1/rss-selection/source-frames/rss-n15-p400000bar.xyz,16,74.39823233683,16.10120787089525,54.87458371627115,89.20947323306272,7,15,0.7710384906118714,2.3445808461254747,0.9284939118919961,rejected,min_distance_A<1.77532
rss_mini,40.0,,rss-n15-p400000bar,Ta-potential/fcc-restart/05-rss-round-1/rss-selection/source-frames/rss-n15-p400000bar.xyz,17,0.24019055070241738,15.914724837323554,0.15112272753269082,0.2932650145989003,8,15,2.4052281728626177,2.053873198204315,0.8165333289084636,passed,
rss_mini,40.0,,rss-n15-p400000bar,Ta-potential/fcc-restart/05-rss-round-1/rss-selection/source-frames/rss-n15-p400000bar.xyz,22,0.2218520644885108,16.427427103038088,0.48222306429292366,0.326125903084717,9,15,2.2821995774026362,2.470796785784935,0.9719572825613062,rejected,normalized_void>0.942271
rss_mini,40.0,,rss-n15-p400000bar,Ta-potential/fcc-restart/05-rss-round-1/rss-selection/source-frames/rss-n15-p400000bar.xyz,23,0.27133359376535277,16.027307503095425,0.07761778745489144,0.2539985663869272,10,15,2.5758012171303797,2.4925076493637364,0.9885902205992887,rejected,normalized_void>0.942271
rss_mini,40.0,,rss-n15-p400000bar,Ta-potential/fcc-restart/05-rss-round-1/rss-selection/source-frames/rss-n15-p400000bar.xyz,24,0.23431081676634494,15.994917332517502,0.485917936095922,0.8296204236071947,11,15,2.6251340611090717,2.465601396353276,0.9785781941248681,rejected,normalized_void>0.942271
rss_mini,40.0,,rss-n15-p400000bar,Ta-potential/fcc-restart/05-rss-round-1/rss-selection/source-frames/rss-n15-p400000bar.xyz,27,0.24767207627618293,15.82181170429164,0.2685266106045924,0.5007894700675265,12,15,2.466368286158392,1.9204573503155826,0.7649844305487079,passed,
rss_mini,40.0,,rss-n15-p400000bar,Ta-potential/fcc-restart/05-rss-round-1/rss-selection/source-frames/rss-n15-p400000bar.xyz,28,0.26171545297243237,15.952913583095237,1.005290769544409,1.0728017962669838,13,15,2.5649547785318,2.377249928556732,0.9443395355075849,rejected,normalized_void>0.942271
rss_mini,40.0,,rss-n15-p400000bar,Ta-potential/fcc-restart/05-rss-round-1/rss-selection/source-frames/rss-n15-p400000bar.xyz,29,0.18330315709566453,15.98526487887249,0.3301517187634431,0.3762988894540733,14,15,2.5162490953394165,2.0452552955368097,0.8119094197973031,passed,
rss_mini,40.0,,rss-n15-p400000bar,Ta-potential/fcc-restart/05-rss-round-1/rss-selection/source-frames/rss-n15-p400000bar.xyz,39,0.1853259246270611,16.118472808430887,0.33151724377623026,0.43656501876175474,15,15,2.572091776201792,2.1034528189687354,0.8327055862222194,passed,
rss_mini,40.0,,rss-n15-p400000bar,Ta-potential/fcc-restart/05-rss-round-1/rss-selection/source-frames/rss-n15-p400000bar.xyz,47,0.2791904762477208,16.02129892063784,0.4417498658474973,0.8165369810379564,16,15,2.479253015075412,2.0457018275999794,0.8114773930976996,passed,
rss_mini,0.0,,rss-n18-p0bar,Ta-potential/fcc-restart/05-rss-round-1/rss-selection/source-frames/rss-n18-p0bar.xyz,4,276.4643142041068,16.65432505928317,275.08363457983967,221.29886974378383,1,18,0.9109467367613151,2.6554664721624803,1.0398367049141535,rejected,min_distance_A<1.77532;normalized_void>0.942271
rss_mini,0.0,,rss-n18-p0bar,Ta-potential/fcc-restart/05-rss-round-1/rss-selection/source-frames/rss-n18-p0bar.xyz,7,0.19485003770849738,18.185726875325354,2.2050861356969853,2.1917082840349047,2,18,2.7298516794639167,1.9506094875856304,0.7417543652296922,passed,
rss_mini,0.0,,rss-n18-p0bar,Ta-potential/fcc-restart/05-rss-round-1/rss-selection/source-frames/rss-n18-p0bar.xyz,20,113.70845382411409,18.939982144468885,118.06437512029513,117.78002364593613,3,18,0.6111958462581463,2.787981402956531,1.0459157046942136,rejected,min_distance_A<1.77532;normalized_void>0.942271
rss_mini,20.0,,rss-n18-p200000bar,Ta-potential/fcc-restart/05-rss-round-1/rss-selection/source-frames/rss-n18-p200000bar.xyz,2,0.20928504082487304,17.17324106149711,0.3153196797679595,0.4780898246956189,1,18,2.5336773712197993,1.9959779841394125,0.7736389460419606,passed,
rss_mini,20.0,,rss-n18-p200000bar,Ta-potential/fcc-restart/05-rss-round-1/rss-selection/source-frames/rss-n18-p200000bar.xyz,10,0.19156347516840655,17.005607189396574,0.14943138783630167,0.2817813876834108,2,18,2.5028908863902344,1.9983441825241606,0.7770928436430635,passed,
rss_mini,20.0,,rss-n18-p200000bar,Ta-potential/fcc-restart/05-rss-round-1/rss-selection/source-frames/rss-n18-p200000bar.xyz,16,325.8904947697972,13.009645791435595,314.8125680199255,296.1916359188165,3,18,0.4577675356453822,2.5468217865322202,1.082871022543637,rejected,min_distance_A<1.77532;normalized_void>0.942271
rss_mini,20.0,,rss-n18-p200000bar,Ta-potential/fcc-restart/05-rss-round-1/rss-selection/source-frames/rss-n18-p200000bar.xyz,35,0.1881848659670184,17.32005201860744,0.2301304926223414,0.32782105803209594,4,18,2.2587411133304,2.124514491152702,0.8211263086980396,passed,
rss_mini,40.0,,rss-n18-p400000bar,Ta-potential/fcc-restart/05-rss-round-1/rss-selection/source-frames/rss-n18-p400000bar.xyz,2,0.2349001316979546,15.957750623487941,0.47179934003967705,0.5252400590247838,1,18,2.439544409583004,1.9704800866938732,0.7826750548279796,passed,
rss_mini,40.0,,rss-n18-p400000bar,Ta-potential/fcc-restart/05-rss-round-1/rss-selection/source-frames/rss-n18-p400000bar.xyz,10,0.19259210551732325,15.886773391208992,0.18600845441425168,0.3039164256520244,2,18,2.439293734170615,1.976971118112093,0.7864209801221326,passed,
rss_mini,40.0,,rss-n18-p400000bar,Ta-potential/fcc-restart/05-rss-round-1/rss-selection/source-frames/rss-n18-p400000bar.xyz,14,0.20255870638780385,15.895301783832757,0.4466483174776935,0.5179498004536722,3,18,2.472336265136403,2.040536721364345,0.811561598350821,passed,
rss_mini,40.0,,rss-n18-p400000bar,Ta-potential/fcc-restart/05-rss-round-1/rss-selection/source-frames/rss-n18-p400000bar.xyz,15,0.20074250589065035,16.087223239996113,0.23408587798123995,0.5268855863093567,4,18,2.3544013976491063,2.090803637477733,0.8282336744916373,passed,
rss_mini,40.0,,rss-n18-p400000bar,Ta-potential/fcc-restart/05-rss-round-1/rss-selection/source-frames/rss-n18-p400000bar.xyz,19,0.1838996851424981,15.813520153885573,0.22189313082544831,0.486370869403891,5,18,2.4395162662915197,1.9135294191470933,0.7623579931003,passed,
rss_mini,40.0,,rss-n18-p400000bar,Ta-potential/fcc-restart/05-rss-round-1/rss-selection/source-frames/rss-n18-p400000bar.xyz,21,0.25631413160595784,15.888263238275847,0.2675826627426629,0.5179668500157142,6,18,2.575279196352051,2.4700875920352643,0.9825474779380169,rejected,normalized_void>0.942271
rss_mini,40.0,,rss-n18-p400000bar,Ta-potential/fcc-restart/05-rss-round-1/rss-selection/source-frames/rss-n18-p400000bar.xyz,28,0.22427654932381882,15.611435441806135,3.3391841825337503,3.064138749100189,7,18,2.5767095985353197,1.8825757050308902,0.7532483180396131,passed,
rss_mini,40.0,,rss-n18-p400000bar,Ta-potential/fcc-restart/05-rss-round-1/rss-selection/source-frames/rss-n18-p400000bar.xyz,31,428.30671848191525,11.403326143588313,350.53748706432435,368.0039737818198,8,18,0.5299278468926827,2.1682573829325036,0.963312033174507,rejected,min_distance_A<1.77532;normalized_void>0.942271
rss_mini,40.0,,rss-n18-p400000bar,Ta-potential/fcc-restart/05-rss-round-1/rss-selection/source-frames/rss-n18-p400000bar.xyz,36,0.19084559440228155,15.815784354619783,0.18680619861421352,0.32405686396500877,9,18,2.3739700392203376,1.9587998391566315,0.7803566722911139,passed,
rss_mini,40.0,,rss-n18-p400000bar,Ta-potential/fcc-restart/05-rss-round-1/rss-selection/source-frames/rss-n18-p400000bar.xyz,42,0.22259632116364206,16.203564911727195,0.8243137788055309,0.8178934722921305,10,18,2.5085734795890926,1.9889794847470348,0.7860076613730722,passed,
rss_mini,40.0,,rss-n18-p400000bar,Ta-potential/fcc-restart/05-rss-round-1/rss-selection/source-frames/rss-n18-p400000bar.xyz,43,0.19497301055745966,15.959874546844535,0.19843388554290228,0.4495590438358727,11,18,2.4841907923795845,1.9881484566362257,0.7896579025800198,passed,
rss_mini,0.0,,rss-n20-p0bar,Ta-potential/fcc-restart/05-rss-round-1/rss-selection/source-frames/rss-n20-p0bar.xyz,9,0.19473878915869539,18.659129201435917,1.1673444080806707,1.2472810547848792,1,20,2.7250885488437997,2.726450744934829,1.0279386579505163,rejected,normalized_void>0.942271
rss_mini,0.0,,rss-n20-p0bar,Ta-potential/fcc-restart/05-rss-round-1/rss-selection/source-frames/rss-n20-p0bar.xyz,20,0.22712918550496475,19.621378378276813,0.21071227534586123,0.32352539578004225,2,20,2.5732238118068835,2.609031141514452,0.9673183475304489,rejected,normalized_void>0.942271
rss_mini,20.0,,rss-n20-p200000bar,Ta-potential/fcc-restart/05-rss-round-1/rss-selection/source-frames/rss-n20-p200000bar.xyz,3,250.83564376353578,14.470274156230712,186.802230787983,282.3855458128902,1,20,0.6065316675677027,2.446659809722557,1.0040330332704157,rejected,min_distance_A<1.77532;normalized_void>0.942271
rss_mini,20.0,,rss-n20-p200000bar,Ta-potential/fcc-restart/05-rss-round-1/rss-selection/source-frames/rss-n20-p200000bar.xyz,23,0.2839798181114245,17.441537900991335,0.45556766068657545,0.5768916747026036,2,20,2.541023847907698,2.4213792015370776,0.9336867928882688,passed,
rss_mini,20.0,,rss-n20-p200000bar,Ta-potential/fcc-restart/05-rss-round-1/rss-selection/source-frames/rss-n20-p200000bar.xyz,39,0.18394382249580513,17.188818723392078,0.2592420065973257,0.5009579586713259,3,20,2.4244426950158355,2.1581414356419137,0.8362405557032018,passed,
rss_mini,20.0,,rss-n20-p200000bar,Ta-potential/fcc-restart/05-rss-round-1/rss-selection/source-frames/rss-n20-p200000bar.xyz,42,0.31544677038181745,17.068335669922433,0.4724265434593218,0.666541350853907,4,20,2.49453032256523,2.0263465928816844,0.7870155961386869,passed,
rss_mini,20.0,,rss-n20-p200000bar,Ta-potential/fcc-restart/05-rss-round-1/rss-selection/source-frames/rss-n20-p200000bar.xyz,45,0.18640667762975774,17.093300260622662,0.4870722645898745,0.530020447629013,5,20,2.557786281411441,2.0600489263141264,0.7997155877159949,passed,
rss_mini,40.0,,rss-n20-p400000bar,Ta-potential/fcc-restart/05-rss-round-1/rss-selection/source-frames/rss-n20-p400000bar.xyz,4,0.24705832344419065,15.864972559306816,1.0375527432472291,1.0613696289183048,1,20,2.142282974937768,1.9364077287103716,0.7706379031586006,passed,
rss_mini,40.0,,rss-n20-p400000bar,Ta-potential/fcc-restart/05-rss-round-1/rss-selection/source-frames/rss-n20-p400000bar.xyz,5,0.23754639269777597,16.157177186716645,0.22407781575450886,0.4972699841298098,2,20,2.1963115106631794,2.007291972662259,0.7940028328894665,passed,
rss_mini,40.0,,rss-n20-p400000bar,Ta-potential/fcc-restart/05-rss-round-1/rss-selection/source-frames/rss-n20-p400000bar.xyz,6,0.19002413222271525,15.79454656445468,0.7680382763299679,0.8265718594403458,3,20,2.490858554365612,2.277763439172117,0.9078335534970571,passed,
rss_mini,40.0,,rss-n20-p400000bar,Ta-potential/fcc-restart/05-rss-round-1/rss-selection/source-frames/rss-n20-p400000bar.xyz,12,0.2386479049201598,15.849601456454428,0.28406628849301613,0.40226974879920524,4,20,2.593742924166887,2.468582947707658,0.9827467342013655,rejected,normalized_void>0.942271
rss_mini,40.0,,rss-n20-p400000bar,Ta-potential/fcc-restart/05-rss-round-1/rss-selection/source-frames/rss-n20-p400000bar.xyz,13,0.22170538686393795,15.916790375366043,0.862021725626772,0.9805637236710684,5,20,2.3949478687827224,2.121316404565335,0.8433094200739718,passed,
rss_mini,40.0,,rss-n20-p400000bar,Ta-potential/fcc-restart/05-rss-round-1/rss-selection/source-frames/rss-n20-p400000bar.xyz,14,0.24489059236916677,15.838530078026022,0.7636662771581412,1.0376232522056306,6,20,2.596752996282558,2.392416782727994,0.9526467329759165,rejected,normalized_void>0.942271
rss_mini,40.0,,rss-n20-p400000bar,Ta-potential/fcc-restart/05-rss-round-1/rss-selection/source-frames/rss-n20-p400000bar.xyz,15,0.2049172493468937,16.035523549176013,0.7111380226424189,0.6915734839476897,7,20,2.303610838968699,1.9767782156508045,0.7839052357441498,passed,
rss_mini,40.0,,rss-n20-p400000bar,Ta-potential/fcc-restart/05-rss-round-1/rss-selection/source-frames/rss-n20-p400000bar.xyz,19,0.23199633857531274,15.820679497326648,0.2271935283903748,0.3716887256767596,8,20,2.6035259485224693,2.4860251633136126,0.9902932284491088,rejected,normalized_void>0.942271
rss_mini,40.0,,rss-n20-p400000bar,Ta-potential/fcc-restart/05-rss-round-1/rss-selection/source-frames/rss-n20-p400000bar.xyz,20,0.22580396601742933,16.127323334780073,0.7718930533936273,0.8164375967273044,9,20,2.3893702116981395,2.096895353252521,0.829957765776023,passed,
rss_mini,40.0,,rss-n20-p400000bar,Ta-potential/fcc-restart/05-rss-round-1/rss-selection/source-frames/rss-n20-p400000bar.xyz,22,0.275428796001543,15.958832439168598,0.3538117843545511,0.46810839258079395,10,20,2.4120838547070074,1.979842673859431,0.7863761064511161,passed,
rss_mini,40.0,,rss-n20-p400000bar,Ta-potential/fcc-restart/05-rss-round-1/rss-selection/source-frames/rss-n20-p400000bar.xyz,25,0.26144946170143923,15.860932307089888,1.6696764453172452,1.8725151905457627,11,20,2.608306721653941,2.49780952309285,0.9941450318807907,rejected,normalized_void>0.942271
rss_mini,40.0,,rss-n20-p400000bar,Ta-potential/fcc-restart/05-rss-round-1/rss-selection/source-frames/rss-n20-p400000bar.xyz,28,0.19156818518373414,16.0867459941564,0.26666247179728136,0.45424277259174745,12,20,2.3694132227603397,2.2617416313055116,0.8959564986753021,passed,
rss_mini,40.0,,rss-n20-p400000bar,Ta-potential/fcc-restart/05-rss-round-1/rss-selection/source-frames/rss-n20-p400000bar.xyz,30,0.24309943074578672,15.825856001432191,0.21827420492786495,0.4676120860182998,13,20,2.6136980353223405,2.5241000538653022,1.0053504951698689,rejected,normalized_void>0.942271
rss_mini,40.0,,rss-n20-p400000bar,Ta-potential/fcc-restart/05-rss-round-1/rss-selection/source-frames/rss-n20-p400000bar.xyz,41,0.42934545131581375,16.02089889493302,0.2724748007208948,0.6994842863966826,14,20,2.4377984251570117,2.0266392096811248,0.8039224329212142,passed,
rss_mini,40.0,,rss-n20-p400000bar,Ta-potential/fcc-restart/05-rss-round-1/rss-selection/source-frames/rss-n20-p400000bar.xyz,42,0.244481968310803,16.013000216570525,0.45394247880635497,0.5262667851882661,15,20,2.430001974451236,2.025717160251346,0.8036887773830591,passed,
rss_mini,40.0,,rss-n20-p400000bar,Ta-potential/fcc-restart/05-rss-round-1/rss-selection/source-frames/rss-n20-p400000bar.xyz,43,0.23489790080372117,15.908627117246647,0.5479991767760161,0.8322058651640294,16,20,2.51543165958246,2.0400814979525976,0.8111539417691896,passed,
rss_mini,0.0,,rss-n22-p0bar,Ta-potential/fcc-restart/05-rss-round-1/rss-selection/source-frames/rss-n22-p0bar.xyz,7,136.1414511742584,18.11409962369076,140.15213656045768,177.3659140982803,1,22,0.5017471320736152,3.2516447956909773,1.2381241096815248,rejected,min_distance_A<1.77532;normalized_void>0.942271
rss_mini,0.0,,rss-n22-p0bar,Ta-potential/fcc-restart/05-rss-round-1/rss-selection/source-frames/rss-n22-p0bar.xyz,21,0.19002553041442227,19.055809967536387,0.17151110817180287,0.557283986180028,2,22,2.7122379057318127,2.526073676082251,0.9457366265447026,rejected,normalized_void>0.942271
rss_mini,20.0,,rss-n22-p200000bar,Ta-potential/fcc-restart/05-rss-round-1/rss-selection/source-frames/rss-n22-p200000bar.xyz,7,0.1956965428459032,17.119654276762777,0.4257653559304173,0.4864989741650289,1,22,2.5070583806981945,2.030115010860125,0.7876905690708839,passed,
rss_mini,20.0,,rss-n22-p200000bar,Ta-potential/fcc-restart/05-rss-round-1/rss-selection/source-frames/rss-n22-p200000bar.xyz,9,0.25293302706352006,17.112625124150757,0.2776655017013944,0.2910996958067806,2,22,2.490867139497917,2.261158794586567,0.8774563416634441,passed,
rss_mini,20.0,,rss-n22-p200000bar,Ta-potential/fcc-restart/05-rss-round-1/rss-selection/source-frames/rss-n22-p200000bar.xyz,15,0.2601117140176873,17.221644635058436,0.8575661686965337,1.0054629550251286,3,22,2.580015563594081,2.157790750665697,0.8355731050258555,passed,
rss_mini,20.0,,rss-n22-p200000bar,Ta-potential/fcc-restart/05-rss-round-1/rss-selection/source-frames/rss-n22-p200000bar.xyz,24,0.19250910981041783,17.324245020504815,0.31116278391623975,0.42895647160208966,4,22,2.5435259667607606,2.1493369889344556,0.8306531957403585,passed,
rss_mini,20.0,,rss-n22-p200000bar,Ta-potential/fcc-restart/05-rss-round-1/rss-selection/source-frames/rss-n22-p200000bar.xyz,25,0.20324700172565816,17.478229011950567,0.3103933208032361,0.34398904862552165,5,22,2.548931020812485,2.5385210049946636,0.9781713823505492,rejected,normalized_void>0.942271
rss_mini,20.0,,rss-n22-p200000bar,Ta-potential/fcc-restart/05-rss-round-1/rss-selection/source-frames/rss-n22-p200000bar.xyz,38,0.22407481819296834,17.35660564322671,0.6135203249298138,0.7601514006980036,6,22,2.6419691311931666,2.5556777902744834,0.987077305286319,rejected,normalized_void>0.942271
rss_mini,20.0,,rss-n22-p200000bar,Ta-potential/fcc-restart/05-rss-round-1/rss-selection/source-frames/rss-n22-p200000bar.xyz,39,0.18405027473478783,17.085702600855534,0.4462356027021441,0.4154172876464339,7,22,2.381531431724346,1.9756352512931368,0.7670596756529142,passed,
rss_mini,40.0,,rss-n22-p400000bar,Ta-potential/fcc-restart/05-rss-round-1/rss-selection/source-frames/rss-n22-p400000bar.xyz,2,0.18766161695415268,16.086983130027182,0.6733478503194895,0.6908521902863946,1,22,2.4107230638432307,2.0360977140035637,0.80656693488471,passed,
rss_mini,40.0,,rss-n22-p400000bar,Ta-potential/fcc-restart/05-rss-round-1/rss-selection/source-frames/rss-n22-p400000bar.xyz,6,0.18677034961628156,16.141533109617082,0.9205797681449186,1.0191239388726174,2,22,2.4542923255374274,2.056037358958673,0.8135471748272898,passed,
rss_mini,40.0,,rss-n22-p400000bar,Ta-potential/fcc-restart/05-rss-round-1/rss-selection/source-frames/rss-n22-p400000bar.xyz,7,152.92541614272352,14.306478241238743,119.27298988649203,181.25967367435294,3,22,0.4730243342116592,2.8376786667478244,1.1689222778101291,rejected,min_distance_A<1.77532;normalized_void>0.942271
rss_mini,40.0,,rss-n22-p400000bar,Ta-potential/fcc-restart/05-rss-round-1/rss-selection/source-frames/rss-n22-p400000bar.xyz,10,0.3057147132153621,15.936073044446937,0.2519591226574692,0.31984744983801927,4,22,2.4031947067558246,2.1975315615364788,0.8732555423273435,passed,
rss_mini,40.0,,rss-n22-p400000bar,Ta-potential/fcc-restart/05-rss-round-1/rss-selection/source-frames/rss-n22-p400000bar.xyz,16,0.18442555179504033,16.009949655564597,0.19823861378283272,0.326049895698767,5,22,2.4376948567069605,2.006255349800435,0.7960179952031864,passed,
rss_mini,40.0,,rss-n22-p400000bar,Ta-potential/fcc-restart/05-rss-round-1/rss-selection/source-frames/rss-n22-p400000bar.xyz,25,0.25211775262320024,16.043021029690863,0.3343710636164439,0.37477342566620436,6,22,2.507920749240111,2.0823393726140154,0.825637594502805,passed,
rss_mini,40.0,,rss-n22-p400000bar,Ta-potential/fcc-restart/05-rss-round-1/rss-selection/source-frames/rss-n22-p400000bar.xyz,26,0.23334164323499157,16.19855367359639,0.3713050161280349,0.3160973545907816,7,22,2.462044510472048,2.372600424475535,0.9377041916162474,passed,
rss_mini,40.0,,rss-n22-p400000bar,Ta-potential/fcc-restart/05-rss-round-1/rss-selection/source-frames/rss-n22-p400000bar.xyz,27,0.23792569291713175,16.051326704716452,0.3840103151642901,0.4443537434632101,8,22,2.408566470060017,2.151218470210503,0.8528006838432591,passed,
rss_mini,40.0,,rss-n22-p400000bar,Ta-potential/fcc-restart/05-rss-round-1/rss-selection/source-frames/rss-n22-p400000bar.xyz,33,0.19819443666479417,15.895712130262636,0.21737670210092658,0.4581673321248118,9,22,2.4676467837219453,1.9982330569688747,0.7947297600201703,passed,
rss_mini,40.0,,rss-n22-p400000bar,Ta-potential/fcc-restart/05-rss-round-1/rss-selection/source-frames/rss-n22-p400000bar.xyz,35,0.2479163043298693,16.18230566314912,0.5727109020784588,0.5972144832110539,10,22,2.5498085291053516,2.4958693324806958,0.9867528241254436,rejected,normalized_void>0.942271
rss_mini,40.0,,rss-n22-p400000bar,Ta-potential/fcc-restart/05-rss-round-1/rss-selection/source-frames/rss-n22-p400000bar.xyz,36,0.20396739678552403,15.8652284271163,0.2848113892823855,0.42874484899323795,11,22,2.4126023485822463,2.0074089834957753,0.798890187465348,passed,
rss_mini,40.0,,rss-n22-p400000bar,Ta-potential/fcc-restart/05-rss-round-1/rss-selection/source-frames/rss-n22-p400000bar.xyz,39,0.22040389410724334,16.081876147091084,0.214617034324126,0.4432135688305658,12,22,2.555499328170522,2.4315722787442913,0.963329690688419,rejected,normalized_void>0.942271
rss_mini,40.0,,rss-n22-p400000bar,Ta-potential/fcc-restart/05-rss-round-1/rss-selection/source-frames/rss-n22-p400000bar.xyz,42,0.18452176184553765,15.906213816133944,0.6855462193227364,0.7708174377539618,13,22,2.313359785890763,2.0508973327608806,0.8154956490097302,passed,
rss_mini,0.0,,rss-n25-p0bar,Ta-potential/fcc-restart/05-rss-round-1/rss-selection/source-frames/rss-n25-p0bar.xyz,6,0.2011956046182314,18.747859237487233,0.3986663761256197,0.4270694444040465,1,25,2.5958962451486864,2.1667207523144283,0.815615958874604,passed,
rss_mini,0.0,,rss-n25-p0bar,Ta-potential/fcc-restart/05-rss-round-1/rss-selection/source-frames/rss-n25-p0bar.xyz,11,130.58063569591613,16.910912573898663,141.00847486394886,141.3051270211616,2,25,0.5571691009617619,2.472509299457768,0.9632719608865201,rejected,min_distance_A<1.77532;normalized_void>0.942271
rss_mini,0.0,,rss-n25-p0bar,Ta-potential/fcc-restart/05-rss-round-1/rss-selection/source-frames/rss-n25-p0bar.xyz,14,674.564582517106,14.266626836556792,524.0001667523026,415.2585135961558,3,25,0.5717506133081932,2.46877047596279,1.0179042970967365,rejected,min_distance_A<1.77532;normalized_void>0.942271
rss_mini,0.0,,rss-n25-p0bar,Ta-potential/fcc-restart/05-rss-round-1/rss-selection/source-frames/rss-n25-p0bar.xyz,19,439.2095521401937,15.914695566220923,328.1374739661432,342.03346763087234,4,25,0.6661981955282024,2.7371768615514473,1.0881867034273827,rejected,min_distance_A<1.77532;normalized_void>0.942271
rss_mini,0.0,,rss-n25-p0bar,Ta-potential/fcc-restart/05-rss-round-1/rss-selection/source-frames/rss-n25-p0bar.xyz,21,0.19335134517058314,19.040963108966267,0.20325076296908234,0.2439801271840904,5,25,2.6181641369787285,2.258968367628294,0.8459548389876138,passed,
rss_mini,0.0,,rss-n25-p0bar,Ta-potential/fcc-restart/05-rss-round-1/rss-selection/source-frames/rss-n25-p0bar.xyz,23,158.85103602343193,18.55426569769816,164.41680347775895,144.9787008664154,6,25,0.5182896758959631,2.8095843353010235,1.0612738967089363,rejected,min_distance_A<1.77532;normalized_void>0.942271
rss_mini,0.0,,rss-n25-p0bar,Ta-potential/fcc-restart/05-rss-round-1/rss-selection/source-frames/rss-n25-p0bar.xyz,25,375.16432158712104,12.14622425903879,401.34318084683565,358.99485814212494,7,25,0.33805968234104794,2.417130548205678,1.0515251763239437,rejected,min_distance_A<1.77532;normalized_void>0.942271
rss_mini,0.0,,rss-n25-p0bar,Ta-potential/fcc-restart/05-rss-round-1/rss-selection/source-frames/rss-n25-p0bar.xyz,29,0.19176029199546535,18.939224790601,1.0769225890005885,1.1950669807223,8,25,2.5287557671883683,2.19177817154734,0.8222600641616794,passed,
rss_mini,0.0,,rss-n25-p0bar,Ta-potential/fcc-restart/05-rss-round-1/rss-selection/source-frames/rss-n25-p0bar.xyz,34,0.20115644978983097,18.996063869075936,0.22882615939464632,0.23220081924228383,9,25,2.6553831047545837,2.3241045907214133,0.8710327041208007,passed,
rss_mini,0.0,,rss-n25-p0bar,Ta-potential/fcc-restart/05-rss-round-1/rss-selection/source-frames/rss-n25-p0bar.xyz,42,476.76659348991967,12.92349412333176,366.237551632509,426.14377927047366,10,25,0.24707987894872574,2.3946635088989012,1.0204330425705406,rejected,min_distance_A<1.77532;normalized_void>0.942271
rss_mini,0.0,,rss-n25-p0bar,Ta-potential/fcc-restart/05-rss-round-1/rss-selection/source-frames/rss-n25-p0bar.xyz,45,0.1921670304643835,18.6653359032426,0.19897859899915904,0.43575695403215414,11,25,2.646517445575624,2.082586331158444,0.7850989749006743,passed,
rss_mini,20.0,,rss-n25-p200000bar,Ta-potential/fcc-restart/05-rss-round-1/rss-selection/source-frames/rss-n25-p200000bar.xyz,4,0.18991703839583896,17.362779441793336,0.40626125028111987,0.5170914409566759,1,25,2.429693158518421,2.267860135304287,0.8758099015630166,passed,
rss_mini,20.0,,rss-n25-p200000bar,Ta-potential/fcc-restart/05-rss-round-1/rss-selection/source-frames/rss-n25-p200000bar.xyz,5,0.21455699156203945,17.462648885939792,0.5846786034707842,0.6765418043410205,2,25,2.549259061074086,2.1392274060033802,0.8245561713088776,passed,
rss_mini,20.0,,rss-n25-p200000bar,Ta-potential/fcc-restart/05-rss-round-1/rss-selection/source-frames/rss-n25-p200000bar.xyz,6,0.23046176382289835,17.07890512599499,0.3507413180839279,0.46760683550940724,3,25,2.499305968968867,2.1115889926949407,0.8199537959642211,passed,
rss_mini,20.0,,rss-n25-p200000bar,Ta-potential/fcc-restart/05-rss-round-1/rss-selection/source-frames/rss-n25-p200000bar.xyz,8,0.2015446557083508,17.109837105099956,0.2637310126934314,0.3568816970415334,4,25,2.523472746086979,2.104816651768861,0.8168311901351736,passed,
rss_mini,20.0,,rss-n25-p200000bar,Ta-potential/fcc-restart/05-rss-round-1/rss-selection/source-frames/rss-n25-p200000bar.xyz,12,0.20016908200767936,16.95770405735909,0.8492428583994707,0.8679310194820591,5,25,2.312001174514798,1.9666340725470148,0.7654812227462096,passed,
rss_mini,20.0,,rss-n25-p200000bar,Ta-potential/fcc-restart/05-rss-round-1/rss-selection/source-frames/rss-n25-p200000bar.xyz,16,505.6682513944169,15.177854593876242,350.8396993412473,207.20892507655503,6,25,0.44538254102837643,2.5561027545055794,1.0323845876002207,rejected,min_distance_A<1.77532;normalized_void>0.942271
rss_mini,20.0,,rss-n25-p200000bar,Ta-potential/fcc-restart/05-rss-round-1/rss-selection/source-frames/rss-n25-p200000bar.xyz,19,0.2838947784125333,17.11000763811553,0.18819162668690184,0.41479313075247065,7,25,2.560638683805438,2.1709136872104677,0.8424791384964406,passed,
rss_mini,20.0,,rss-n25-p200000bar,Ta-potential/fcc-restart/05-rss-round-1/rss-selection/source-frames/rss-n25-p200000bar.xyz,20,0.20250183549901402,17.155339260786977,0.6354892472035683,0.6530175158635677,8,25,2.3854740401968675,2.086379921099746,0.8089598315706494,passed,
rss_mini,20.0,,rss-n25-p200000bar,Ta-potential/fcc-restart/05-rss-round-1/rss-selection/source-frames/rss-n25-p200000bar.xyz,21,475.22812469515384,11.771287126338692,332.5221750462248,303.57299511755605,9,25,0.6628897739714292,2.384587107821864,1.0482669027487832,rejected,min_distance_A<1.77532;normalized_void>0.942271
rss_mini,20.0,,rss-n25-p200000bar,Ta-potential/fcc-restart/05-rss-round-1/rss-selection/source-frames/rss-n25-p200000bar.xyz,26,0.18858575467329203,17.193687910435543,2.124239946830127,1.8020010814082017,10,25,2.3733925482141114,2.075059220717637,0.803971800204403,passed,
rss_mini,20.0,,rss-n25-p200000bar,Ta-potential/fcc-restart/05-rss-round-1/rss-selection/source-frames/rss-n25-p200000bar.xyz,30,0.18792461490303472,17.344852021543158,0.19367483230879165,0.3241566587746651,11,25,2.4491241062299265,2.188254654992855,0.8453586379361251,passed,
rss_mini,20.0,,rss-n25-p200000bar,Ta-potential/fcc-restart/05-rss-round-1/rss-selection/source-frames/rss-n25-p200000bar.xyz,31,0.22733289119483963,17.209873240791993,0.30719522877012384,0.37540225453060605,12,25,2.5498991593783984,2.1330980751247575,0.8261995104201987,passed,
rss_mini,20.0,,rss-n25-p200000bar,Ta-potential/fcc-restart/05-rss-round-1/rss-selection/source-frames/rss-n25-p200000bar.xyz,36,0.19579051159635102,17.16505767985607,0.7129124488773193,0.7064802125399612,13,25,2.5196773790498823,2.1559610687248725,0.8357809960188526,passed,
rss_mini,20.0,,rss-n25-p200000bar,Ta-potential/fcc-restart/05-rss-round-1/rss-selection/source-frames/rss-n25-p200000bar.xyz,39,526.3941071589984,11.000440975007935,466.7952571864872,393.3684357321296,14,25,0.43904506897677736,2.3255853569230904,1.0456722571839643,rejected,min_distance_A<1.77532;normalized_void>0.942271
rss_mini,40.0,,rss-n25-p400000bar,Ta-potential/fcc-restart/05-rss-round-1/rss-selection/source-frames/rss-n25-p400000bar.xyz,1,0.2892203981615664,15.804542796399032,0.3982886196882339,0.6861554207777476,1,25,2.3928971597520197,1.9719633370556087,0.7857870320126863,passed,
rss_mini,40.0,,rss-n25-p400000bar,Ta-potential/fcc-restart/05-rss-round-1/rss-selection/source-frames/rss-n25-p400000bar.xyz,4,0.21715248424127895,16.09687019370912,0.31928877410214274,0.4708586382066203,2,25,2.326567815626756,2.0881839363279386,0.8270306468291473,passed,
rss_mini,40.0,,rss-n25-p400000bar,Ta-potential/fcc-restart/05-rss-round-1/rss-selection/source-frames/rss-n25-p400000bar.xyz,5,0.20495059748776231,16.001173342972383,0.9069313070104704,0.9645603351861628,3,25,2.3845424851778825,2.051965019640166,0.8143029528344314,passed,
rss_mini,40.0,,rss-n25-p400000bar,Ta-potential/fcc-restart/05-rss-round-1/rss-selection/source-frames/rss-n25-p400000bar.xyz,9,0.19061075324544868,15.89256496517141,0.29746569896059416,0.3513158220753751,4,25,2.338137576708768,2.04895290117457,0.8149556537543337,passed,
rss_mini,40.0,,rss-n25-p400000bar,Ta-potential/fcc-restart/05-rss-round-1/rss-selection/source-frames/rss-n25-p400000bar.xyz,11,0.19287083859890278,16.008276616202426,0.8355929040064816,0.7788004908506838,5,25,2.4337055639219978,2.0814912980353744,0.8258979844095058,passed,
rss_mini,40.0,,rss-n25-p400000bar,Ta-potential/fcc-restart/05-rss-round-1/rss-selection/source-frames/rss-n25-p400000bar.xyz,16,0.20089870732680334,16.000703902325302,0.2937069188606747,0.37099780317620834,6,25,2.4484464001451465,2.0078773121297977,0.7968149545479295,passed,
rss_mini,40.0,,rss-n25-p400000bar,Ta-potential/fcc-restart/05-rss-round-1/rss-selection/source-frames/rss-n25-p400000bar.xyz,17,0.24932533754161165,15.822793827153816,0.6685184941963068,0.7469675198680713,7,25,2.1567072927762814,1.9685663605878398,0.7841316850153176,passed,
rss_mini,40.0,,rss-n25-p400000bar,Ta-potential/fcc-restart/05-rss-round-1/rss-selection/source-frames/rss-n25-p400000bar.xyz,18,0.31780574576339166,15.959701997200291,0.2540019189692398,0.434160442782928,8,25,2.4774700139397696,2.034122813528158,0.8079210271649409,passed,
rss_mini,40.0,,rss-n25-p400000bar,Ta-potential/fcc-restart/05-rss-round-1/rss-selection/source-frames/rss-n25-p400000bar.xyz,19,0.20299681912440154,15.985659164370208,0.3914616610432934,0.4458565686433368,9,25,2.4107168989354966,2.1439848281204266,0.851095298435933,passed,
rss_mini,40.0,,rss-n25-p400000bar,Ta-potential/fcc-restart/05-rss-round-1/rss-selection/source-frames/rss-n25-p400000bar.xyz,24,0.27360972143862805,15.938548124535744,1.5372688496316462,1.4890106998539756,10,25,2.4388443541690834,1.9908930834873562,0.7911005476086204,passed,
rss_mini,40.0,,rss-n25-p400000bar,Ta-potential/fcc-restart/05-rss-round-1/rss-selection/source-frames/rss-n25-p400000bar.xyz,25,0.18831613616123835,15.943648569978707,0.35452848144656185,0.4262648463880608,11,25,2.464516025802286,1.9864252349204992,0.7892410263886896,passed,
rss_mini,40.0,,rss-n25-p400000bar,Ta-potential/fcc-restart/05-rss-round-1/rss-selection/source-frames/rss-n25-p400000bar.xyz,27,0.1841417582091,16.101967248783055,0.5018646458007634,0.537706120423789,12,25,2.4738264221063426,1.9961296376242188,0.790488876840953,passed,
rss_mini,40.0,,rss-n25-p400000bar,Ta-potential/fcc-restart/05-rss-round-1/rss-selection/source-frames/rss-n25-p400000bar.xyz,28,0.2207524451293069,16.036903495684165,0.24593881977245702,0.3421470772133356,13,25,2.354788618749354,2.0998903152384267,0.8327023148803285,passed,
rss_mini,40.0,,rss-n25-p400000bar,Ta-potential/fcc-restart/05-rss-round-1/rss-selection/source-frames/rss-n25-p400000bar.xyz,29,0.318422809575547,15.910688963548594,0.24680329392666048,0.7018522887628037,14,25,2.4528052519311525,1.980149408299947,0.7872904167666746,passed,
rss_mini,40.0,,rss-n25-p400000bar,Ta-potential/fcc-restart/05-rss-round-1/rss-selection/source-frames/rss-n25-p400000bar.xyz,32,0.25707677697843895,15.941270356077348,0.32597898190273716,0.3886663636153411,15,25,2.3258544535230476,2.128558599825362,0.8457551192029373,passed,
rss_mini,40.0,,rss-n25-p400000bar,Ta-potential/fcc-restart/05-rss-round-1/rss-selection/source-frames/rss-n25-p400000bar.xyz,34,0.31500341897658124,15.976690379475588,0.7801979631148939,0.8386249060470616,16,25,2.48882634842853,2.0357724448146564,0.8082895401029169,passed,
rss_mini,20.0,,rss-n9-p200000bar,Ta-potential/fcc-restart/05-rss-round-1/rss-selection/source-frames/rss-n9-p200000bar.xyz,12,0.1846145816061032,17.20967865268869,0.20435943372930165,0.3256313104395492,1,9,2.5060430268797913,2.1565667798127937,0.8352926449070379,passed,
rss_mini,20.0,,rss-n9-p200000bar,Ta-potential/fcc-restart/05-rss-round-1/rss-selection/source-frames/rss-n9-p200000bar.xyz,29,0.18936978707638702,17.223724989990856,0.2654248368833374,0.4013834493736299,2,9,2.494648578999149,2.11290877864849,0.8181602707671617,passed,
rss_mini,20.0,,rss-n9-p200000bar,Ta-potential/fcc-restart/05-rss-round-1/rss-selection/source-frames/rss-n9-p200000bar.xyz,35,0.20568875227807826,17.587814982982582,0.21942170038070635,0.3732683981809142,3,9,2.670434502777725,2.5571815730991316,0.9833110890029063,rejected,normalized_void>0.942271
rss_mini,20.0,,rss-n9-p200000bar,Ta-potential/fcc-restart/05-rss-round-1/rss-selection/source-frames/rss-n9-p200000bar.xyz,47,0.18566537018470794,17.190348929470446,0.16656758660960233,0.241573804726359,4,9,2.4883772314496975,1.972890071658235,0.7644363378155243,passed,
rss_mini,40.0,,rss-n9-p400000bar,Ta-potential/fcc-restart/05-rss-round-1/rss-selection/source-frames/rss-n9-p400000bar.xyz,12,0.19873526833505875,16.00419989538839,0.2129759869056515,0.4212981626322276,1,9,2.4506091189492216,2.0602764465989547,0.8175497221083522,passed,
rss_mini,40.0,,rss-n9-p400000bar,Ta-potential/fcc-restart/05-rss-round-1/rss-selection/source-frames/rss-n9-p400000bar.xyz,24,0.2129117604295719,16.004777440657232,0.24161976228185936,0.30406288540542986,2,9,2.469242570761386,2.0465104145383157,0.8120773781962144,passed,
rss_mini,40.0,,rss-n9-p400000bar,Ta-potential/fcc-restart/05-rss-round-1/rss-selection/source-frames/rss-n9-p400000bar.xyz,29,0.19501734669329515,16.02500229151552,0.3496107032988322,0.5647146866417392,3,9,2.4309603173370813,2.0244828686483998,0.8029985097987025,passed,
rss_mini,40.0,,rss-n9-p400000bar,Ta-potential/fcc-restart/05-rss-round-1/rss-selection/source-frames/rss-n9-p400000bar.xyz,43,0.1877963019810016,16.09626918299546,0.27987244653443655,0.42143016889404084,4,9,2.4181875444546255,2.1708445735902755,0.8597793066230649,passed,
rss_mini,40.0,,rss-n9-p400000bar,Ta-potential/fcc-restart/05-rss-round-1/rss-selection/source-frames/rss-n9-p400000bar.xyz,47,0.21735767302960363,16.015791705940714,0.17492324229091835,0.20269590686143413,5,9,2.4188911789004943,1.9190557993579664,0.7613274089767618,passed,
