raw_index,pressure_index,mini_pressure_bar,raw_source_path,raw_natoms,minimized_source_path,minimized_natoms,minimized_read_error,rss_source_file,rss_source_path,flat_natoms,flat_read_error,flat_sha256,minimized_sha256,flat_matches_minimized,failure_log,exclusion_reason
53,0,0.0,Ta-potential/fcc-restart/05-rss-round-1/rss/raw/unary-Ta/Ta-00053.poscar,10,/home/tuzhengyu/work/WTaTi/Ta-potential/fcc-restart/05-rss-round-1/rss/minimized/unary-Ta/Ta-00053-0.poscar,10,,000160.poscar,unary-Ta/Ta-00053-0.poscar,10,,9730b2c132c830df44ee041c3402a738e692aa56c96c03b55655a4d2dd273870,9730b2c132c830df44ee041c3402a738e692aa56c96c03b55655a4d2dd273870,True,Ta-potential/fcc-restart/05-rss-round-1/rss/logs/unary-Ta.log,mini_lammps_exit_1
53,1,200000.0,Ta-potential/fcc-restart/05-rss-round-1/rss/raw/unary-Ta/Ta-00053.poscar,10,/home/tuzhengyu/work/WTaTi/Ta-potential/fcc-restart/05-rss-round-1/rss/minimized/unary-Ta/Ta-00053-1.poscar,10,,000161.poscar,unary-Ta/Ta-00053-1.poscar,10,,e3797d5bdcbbc9169cdd28faf01fdab6f1e292faac5adcdb1788989b20ef1945,e3797d5bdcbbc9169cdd28faf01fdab6f1e292faac5adcdb1788989b20ef1945,True,Ta-potential/fcc-restart/05-rss-round-1/rss/logs/unary-Ta.log,mini_lammps_exit_1
191,1,200000.0,Ta-potential/fcc-restart/05-rss-round-1/rss/raw/unary-Ta/Ta-00191.poscar,15,/home/tuzhengyu/work/WTaTi/Ta-potential/fcc-restart/05-rss-round-1/rss/minimized/unary-Ta/Ta-00191-1.poscar,22,,000575.poscar,unary-Ta/Ta-00191-1.poscar,22,,19f5f3faa663b235d0ec1e8422a114df48082cf9fd4c518ed2de966235f52023,19f5f3faa663b235d0ec1e8422a114df48082cf9fd4c518ed2de966235f52023,True,Ta-potential/fcc-restart/05-rss-round-1/rss/logs/unary-Ta.log,mini_lammps_exit_1
191,2,400000.0,Ta-potential/fcc-restart/05-rss-round-1/rss/raw/unary-Ta/Ta-00191.poscar,15,/home/tuzhengyu/work/WTaTi/Ta-potential/fcc-restart/05-rss-round-1/rss/minimized/unary-Ta/Ta-00191-2.poscar,25,,000576.poscar,unary-Ta/Ta-00191-2.poscar,25,,3233d15f4d99e628bc120abe921ff445fcb7b68fea61244ccfaece659e306b03,3233d15f4d99e628bc120abe921ff445fcb7b68fea61244ccfaece659e306b03,True,Ta-potential/fcc-restart/05-rss-round-1/rss/logs/unary-Ta.log,mini_lammps_exit_1
204,1,200000.0,Ta-potential/fcc-restart/05-rss-round-1/rss/raw/unary-Ta/Ta-00204.poscar,18,/home/tuzhengyu/work/WTaTi/Ta-potential/fcc-restart/05-rss-round-1/rss/minimized/unary-Ta/Ta-00204-1.poscar,20,,000614.poscar,unary-Ta/Ta-00204-1.poscar,20,,fe3a17f0dac4fd6ffd9eb1fb0c94239041b62d09aa6521ffd432872bbc1d21c0,fe3a17f0dac4fd6ffd9eb1fb0c94239041b62d09aa6521ffd432872bbc1d21c0,True,Ta-potential/fcc-restart/05-rss-round-1/rss/logs/unary-Ta.log,mini_lammps_exit_1
204,2,400000.0,Ta-potential/fcc-restart/05-rss-round-1/rss/raw/unary-Ta/Ta-00204.poscar,18,/home/tuzhengyu/work/WTaTi/Ta-potential/fcc-restart/05-rss-round-1/rss/minimized/unary-Ta/Ta-00204-2.poscar,25,,000615.poscar,unary-Ta/Ta-00204-2.poscar,25,,1dc539882d032d21e946e755424f8f3e5797240a3f53533b3acea5047ac79d97,1dc539882d032d21e946e755424f8f3e5797240a3f53533b3acea5047ac79d97,True,Ta-potential/fcc-restart/05-rss-round-1/rss/logs/unary-Ta.log,mini_lammps_exit_1
206,0,0.0,Ta-potential/fcc-restart/05-rss-round-1/rss/raw/unary-Ta/Ta-00206.poscar,18,/home/tuzhengyu/work/WTaTi/Ta-potential/fcc-restart/05-rss-round-1/rss/minimized/unary-Ta/Ta-00206-0.poscar,18,,000619.poscar,unary-Ta/Ta-00206-0.poscar,18,,aa628843c2bd696b4a80a58c1a14d06a48f2d6e397278833ac860d7ea4d81aa7,aa628843c2bd696b4a80a58c1a14d06a48f2d6e397278833ac860d7ea4d81aa7,True,Ta-potential/fcc-restart/05-rss-round-1/rss/logs/unary-Ta.log,mini_lammps_exit_1
206,1,200000.0,Ta-potential/fcc-restart/05-rss-round-1/rss/raw/unary-Ta/Ta-00206.poscar,18,/home/tuzhengyu/work/WTaTi/Ta-potential/fcc-restart/05-rss-round-1/rss/minimized/unary-Ta/Ta-00206-1.poscar,10,,000620.poscar,unary-Ta/Ta-00206-1.poscar,10,,a600e1ae00b63558b361a0bcb1c46e94b4bfc04147aac696591f3d2240343bbf,a600e1ae00b63558b361a0bcb1c46e94b4bfc04147aac696591f3d2240343bbf,True,Ta-potential/fcc-restart/05-rss-round-1/rss/logs/unary-Ta.log,mini_lammps_exit_1
206,2,400000.0,Ta-potential/fcc-restart/05-rss-round-1/rss/raw/unary-Ta/Ta-00206.poscar,18,/home/tuzhengyu/work/WTaTi/Ta-potential/fcc-restart/05-rss-round-1/rss/minimized/unary-Ta/Ta-00206-2.poscar,18,,000621.poscar,unary-Ta/Ta-00206-2.poscar,18,,f124da59d5c47b6f24d65618467fc5872f4d0257ddf6731f5f91a7608392e194,f124da59d5c47b6f24d65618467fc5872f4d0257ddf6731f5f91a7608392e194,True,Ta-potential/fcc-restart/05-rss-round-1/rss/logs/unary-Ta.log,mini_lammps_exit_1
218,0,0.0,Ta-potential/fcc-restart/05-rss-round-1/rss/raw/unary-Ta/Ta-00218.poscar,18,/home/tuzhengyu/work/WTaTi/Ta-potential/fcc-restart/05-rss-round-1/rss/minimized/unary-Ta/Ta-00218-0.poscar,20,,000655.poscar,unary-Ta/Ta-00218-0.poscar,20,,020125c990e2ed84175c942285be9b3a114049601d7a5f9e294607f056d11285,020125c990e2ed84175c942285be9b3a114049601d7a5f9e294607f056d11285,True,Ta-potential/fcc-restart/05-rss-round-1/rss/logs/unary-Ta.log,mini_lammps_exit_1
218,2,400000.0,Ta-potential/fcc-restart/05-rss-round-1/rss/raw/unary-Ta/Ta-00218.poscar,18,/home/tuzhengyu/work/WTaTi/Ta-potential/fcc-restart/05-rss-round-1/rss/minimized/unary-Ta/Ta-00218-2.poscar,9,,000657.poscar,unary-Ta/Ta-00218-2.poscar,9,,df7d7afdba96ac90c1de270b2961f063f5dadf3f26c5234bb8b1a64eb35f0b20,df7d7afdba96ac90c1de270b2961f063f5dadf3f26c5234bb8b1a64eb35f0b20,True,Ta-potential/fcc-restart/05-rss-round-1/rss/logs/unary-Ta.log,mini_lammps_exit_1
222,1,200000.0,Ta-potential/fcc-restart/05-rss-round-1/rss/raw/unary-Ta/Ta-00222.poscar,18,/home/tuzhengyu/work/WTaTi/Ta-potential/fcc-restart/05-rss-round-1/rss/minimized/unary-Ta/Ta-00222-1.poscar,25,,000668.poscar,unary-Ta/Ta-00222-1.poscar,25,,55168eca2a177963842708c25580eebe013ddd2173f0b37e6b93dc6f2a5b90fa,55168eca2a177963842708c25580eebe013ddd2173f0b37e6b93dc6f2a5b90fa,True,Ta-potential/fcc-restart/05-rss-round-1/rss/logs/unary-Ta.log,mini_lammps_exit_1
222,2,400000.0,Ta-potential/fcc-restart/05-rss-round-1/rss/raw/unary-Ta/Ta-00222.poscar,18,/home/tuzhengyu/work/WTaTi/Ta-potential/fcc-restart/05-rss-round-1/rss/minimized/unary-Ta/Ta-00222-2.poscar,15,,000669.poscar,unary-Ta/Ta-00222-2.poscar,15,,6a86a54b821f0b0faed81ca1f276d150b37facf922f57a0fdee4c24062fcb230,6a86a54b821f0b0faed81ca1f276d150b37facf922f57a0fdee4c24062fcb230,True,Ta-potential/fcc-restart/05-rss-round-1/rss/logs/unary-Ta.log,mini_lammps_exit_1
224,0,0.0,Ta-potential/fcc-restart/05-rss-round-1/rss/raw/unary-Ta/Ta-00224.poscar,18,/home/tuzhengyu/work/WTaTi/Ta-potential/fcc-restart/05-rss-round-1/rss/minimized/unary-Ta/Ta-00224-0.poscar,12,,000673.poscar,unary-Ta/Ta-00224-0.poscar,12,,ac9f92a198b03fe55488276ad55620091d3f125f4ba6e610c45358b4784e5d61,ac9f92a198b03fe55488276ad55620091d3f125f4ba6e610c45358b4784e5d61,True,Ta-potential/fcc-restart/05-rss-round-1/rss/logs/unary-Ta.log,mini_lammps_exit_1
224,1,200000.0,Ta-potential/fcc-restart/05-rss-round-1/rss/raw/unary-Ta/Ta-00224.poscar,18,/home/tuzhengyu/work/WTaTi/Ta-potential/fcc-restart/05-rss-round-1/rss/minimized/unary-Ta/Ta-00224-1.poscar,22,,000674.poscar,unary-Ta/Ta-00224-1.poscar,22,,63484834e0e58b042a0af8da35d79d242b31cbabc7d2be3fe4a639b5886fb4d5,63484834e0e58b042a0af8da35d79d242b31cbabc7d2be3fe4a639b5886fb4d5,True,Ta-potential/fcc-restart/05-rss-round-1/rss/logs/unary-Ta.log,mini_lammps_exit_1
224,2,400000.0,Ta-potential/fcc-restart/05-rss-round-1/rss/raw/unary-Ta/Ta-00224.poscar,18,/home/tuzhengyu/work/WTaTi/Ta-potential/fcc-restart/05-rss-round-1/rss/minimized/unary-Ta/Ta-00224-2.poscar,10,,000675.poscar,unary-Ta/Ta-00224-2.poscar,10,,0b5c3ec283e1f595014c02deeea1b3effffcde1ad42bed6023cbbe66d8eebcf2,0b5c3ec283e1f595014c02deeea1b3effffcde1ad42bed6023cbbe66d8eebcf2,True,Ta-potential/fcc-restart/05-rss-round-1/rss/logs/unary-Ta.log,mini_lammps_exit_1
239,2,400000.0,Ta-potential/fcc-restart/05-rss-round-1/rss/raw/unary-Ta/Ta-00239.poscar,18,/home/tuzhengyu/work/WTaTi/Ta-potential/fcc-restart/05-rss-round-1/rss/minimized/unary-Ta/Ta-00239-2.poscar,15,,000720.poscar,unary-Ta/Ta-00239-2.poscar,15,,082486826c8614af42fab1b3ae490d040c49c7dd0cfd1ecbb7b293cc13a90984,082486826c8614af42fab1b3ae490d040c49c7dd0cfd1ecbb7b293cc13a90984,True,Ta-potential/fcc-restart/05-rss-round-1/rss/logs/unary-Ta.log,mini_lammps_exit_1
253,0,0.0,Ta-potential/fcc-restart/05-rss-round-1/rss/raw/unary-Ta/Ta-00253.poscar,20,/home/tuzhengyu/work/WTaTi/Ta-potential/fcc-restart/05-rss-round-1/rss/minimized/unary-Ta/Ta-00253-0.poscar,25,,000760.poscar,unary-Ta/Ta-00253-0.poscar,25,,8465f07e705653e3f26b843bce2c6b5c72a65c409a221c82f166f14ce32c4791,8465f07e705653e3f26b843bce2c6b5c72a65c409a221c82f166f14ce32c4791,True,Ta-potential/fcc-restart/05-rss-round-1/rss/logs/unary-Ta.log,mini_lammps_exit_1
253,2,400000.0,Ta-potential/fcc-restart/05-rss-round-1/rss/raw/unary-Ta/Ta-00253.poscar,20,/home/tuzhengyu/work/WTaTi/Ta-potential/fcc-restart/05-rss-round-1/rss/minimized/unary-Ta/Ta-00253-2.poscar,25,,000762.poscar,unary-Ta/Ta-00253-2.poscar,25,,23cbc43f41d5029b1efd0d119ad5e5113469155611934f7a93e9f6af7df400e5,23cbc43f41d5029b1efd0d119ad5e5113469155611934f7a93e9f6af7df400e5,True,Ta-potential/fcc-restart/05-rss-round-1/rss/logs/unary-Ta.log,mini_lammps_exit_1
260,0,0.0,Ta-potential/fcc-restart/05-rss-round-1/rss/raw/unary-Ta/Ta-00260.poscar,20,/home/tuzhengyu/work/WTaTi/Ta-potential/fcc-restart/05-rss-round-1/rss/minimized/unary-Ta/Ta-00260-0.poscar,25,,000781.poscar,unary-Ta/Ta-00260-0.poscar,25,,b7fc48fb6d556569dae448592b616309d2799b4910a0d7a1ce8a1b962a549102,b7fc48fb6d556569dae448592b616309d2799b4910a0d7a1ce8a1b962a549102,True,Ta-potential/fcc-restart/05-rss-round-1/rss/logs/unary-Ta.log,mini_lammps_exit_1
260,1,200000.0,Ta-potential/fcc-restart/05-rss-round-1/rss/raw/unary-Ta/Ta-00260.poscar,20,/home/tuzhengyu/work/WTaTi/Ta-potential/fcc-restart/05-rss-round-1/rss/minimized/unary-Ta/Ta-00260-1.poscar,12,,000782.poscar,unary-Ta/Ta-00260-1.poscar,12,,467cc813a62f3319829a5575d00fff923981bad08d0fa6e8cde986dadf78292c,467cc813a62f3319829a5575d00fff923981bad08d0fa6e8cde986dadf78292c,True,Ta-potential/fcc-restart/05-rss-round-1/rss/logs/unary-Ta.log,mini_lammps_exit_1
260,2,400000.0,Ta-potential/fcc-restart/05-rss-round-1/rss/raw/unary-Ta/Ta-00260.poscar,20,/home/tuzhengyu/work/WTaTi/Ta-potential/fcc-restart/05-rss-round-1/rss/minimized/unary-Ta/Ta-00260-2.poscar,15,,000783.poscar,unary-Ta/Ta-00260-2.poscar,15,,33a493b89b918c8470b0354350c60915c4d2dcc0e6b9cb40bcb63d8f4111619d,33a493b89b918c8470b0354350c60915c4d2dcc0e6b9cb40bcb63d8f4111619d,True,Ta-potential/fcc-restart/05-rss-round-1/rss/logs/unary-Ta.log,mini_lammps_exit_1
275,0,0.0,Ta-potential/fcc-restart/05-rss-round-1/rss/raw/unary-Ta/Ta-00275.poscar,20,/home/tuzhengyu/work/WTaTi/Ta-potential/fcc-restart/05-rss-round-1/rss/minimized/unary-Ta/Ta-00275-0.poscar,10,,000826.poscar,unary-Ta/Ta-00275-0.poscar,10,,ae1068507950a8b59c24e766f223260c5fad7dcd08c8e408f47ab7b7ad4c9938,ae1068507950a8b59c24e766f223260c5fad7dcd08c8e408f47ab7b7ad4c9938,True,Ta-potential/fcc-restart/05-rss-round-1/rss/logs/unary-Ta.log,mini_lammps_exit_1
275,1,200000.0,Ta-potential/fcc-restart/05-rss-round-1/rss/raw/unary-Ta/Ta-00275.poscar,20,/home/tuzhengyu/work/WTaTi/Ta-potential/fcc-restart/05-rss-round-1/rss/minimized/unary-Ta/Ta-00275-1.poscar,18,,000827.poscar,unary-Ta/Ta-00275-1.poscar,18,,223b962a9d10e50270a360622d9cc2fd079f1af29079abf08ba5b3a34d11a203,223b962a9d10e50270a360622d9cc2fd079f1af29079abf08ba5b3a34d11a203,True,Ta-potential/fcc-restart/05-rss-round-1/rss/logs/unary-Ta.log,mini_lammps_exit_1
275,2,400000.0,Ta-potential/fcc-restart/05-rss-round-1/rss/raw/unary-Ta/Ta-00275.poscar,20,/home/tuzhengyu/work/WTaTi/Ta-potential/fcc-restart/05-rss-round-1/rss/minimized/unary-Ta/Ta-00275-2.poscar,22,,000828.poscar,unary-Ta/Ta-00275-2.poscar,22,,db8a99e0b9b3ee229a7e75789df12984bd73d36adaed4f7a679c24a3e1874817,db8a99e0b9b3ee229a7e75789df12984bd73d36adaed4f7a679c24a3e1874817,True,Ta-potential/fcc-restart/05-rss-round-1/rss/logs/unary-Ta.log,mini_lammps_exit_1
283,0,0.0,Ta-potential/fcc-restart/05-rss-round-1/rss/raw/unary-Ta/Ta-00283.poscar,20,/home/tuzhengyu/work/WTaTi/Ta-potential/fcc-restart/05-rss-round-1/rss/minimized/unary-Ta/Ta-00283-0.poscar,12,,000850.poscar,unary-Ta/Ta-00283-0.poscar,12,,4fef5e9bb3c38fa686feb9947fe6b938e7011349c04d4720827f2bf7f4f95380,4fef5e9bb3c38fa686feb9947fe6b938e7011349c04d4720827f2bf7f4f95380,True,Ta-potential/fcc-restart/05-rss-round-1/rss/logs/unary-Ta.log,mini_lammps_exit_1
283,1,200000.0,Ta-potential/fcc-restart/05-rss-round-1/rss/raw/unary-Ta/Ta-00283.poscar,20,/home/tuzhengyu/work/WTaTi/Ta-potential/fcc-restart/05-rss-round-1/rss/minimized/unary-Ta/Ta-00283-1.poscar,20,,000851.poscar,unary-Ta/Ta-00283-1.poscar,20,,07ca213e1fa7571be8c90477a2b93fb0cb64b8ae1d3a408d6d60b7462dda85c9,07ca213e1fa7571be8c90477a2b93fb0cb64b8ae1d3a408d6d60b7462dda85c9,True,Ta-potential/fcc-restart/05-rss-round-1/rss/logs/unary-Ta.log,mini_lammps_exit_1
283,2,400000.0,Ta-potential/fcc-restart/05-rss-round-1/rss/raw/unary-Ta/Ta-00283.poscar,20,/home/tuzhengyu/work/WTaTi/Ta-potential/fcc-restart/05-rss-round-1/rss/minimized/unary-Ta/Ta-00283-2.poscar,22,,000852.poscar,unary-Ta/Ta-00283-2.poscar,22,,9272b92299b15efbaefca2f787bb3469e28667314ed4bc6fcfa43a2370d26115,9272b92299b15efbaefca2f787bb3469e28667314ed4bc6fcfa43a2370d26115,True,Ta-potential/fcc-restart/05-rss-round-1/rss/logs/unary-Ta.log,mini_lammps_exit_1
296,2,400000.0,Ta-potential/fcc-restart/05-rss-round-1/rss/raw/unary-Ta/Ta-00296.poscar,20,/home/tuzhengyu/work/WTaTi/Ta-potential/fcc-restart/05-rss-round-1/rss/minimized/unary-Ta/Ta-00296-2.poscar,22,,000891.poscar,unary-Ta/Ta-00296-2.poscar,22,,344434cf6e39caa2e7375244b3827799d000bb66a64051453b9fceba81ff3cd1,344434cf6e39caa2e7375244b3827799d000bb66a64051453b9fceba81ff3cd1,True,Ta-potential/fcc-restart/05-rss-round-1/rss/logs/unary-Ta.log,mini_lammps_exit_1
305,0,0.0,Ta-potential/fcc-restart/05-rss-round-1/rss/raw/unary-Ta/Ta-00305.poscar,22,/home/tuzhengyu/work/WTaTi/Ta-potential/fcc-restart/05-rss-round-1/rss/minimized/unary-Ta/Ta-00305-0.poscar,9,,000916.poscar,unary-Ta/Ta-00305-0.poscar,9,,3a9ddc360b1f39a26a9cd04a189f2de6bb83a3de1916741bdb172d2b1d754980,3a9ddc360b1f39a26a9cd04a189f2de6bb83a3de1916741bdb172d2b1d754980,True,Ta-potential/fcc-restart/05-rss-round-1/rss/logs/unary-Ta.log,mini_lammps_exit_1
305,1,200000.0,Ta-potential/fcc-restart/05-rss-round-1/rss/raw/unary-Ta/Ta-00305.poscar,22,/home/tuzhengyu/work/WTaTi/Ta-potential/fcc-restart/05-rss-round-1/rss/minimized/unary-Ta/Ta-00305-1.poscar,15,,000917.poscar,unary-Ta/Ta-00305-1.poscar,15,,8671937a526f97aa13245ef61847ce538c75296581b592845cde28135682f7df,8671937a526f97aa13245ef61847ce538c75296581b592845cde28135682f7df,True,Ta-potential/fcc-restart/05-rss-round-1/rss/logs/unary-Ta.log,mini_lammps_exit_1
305,2,400000.0,Ta-potential/fcc-restart/05-rss-round-1/rss/raw/unary-Ta/Ta-00305.poscar,22,/home/tuzhengyu/work/WTaTi/Ta-potential/fcc-restart/05-rss-round-1/rss/minimized/unary-Ta/Ta-00305-2.poscar,10,,000918.poscar,unary-Ta/Ta-00305-2.poscar,10,,0fa776deb01b2db0653c5890e0aea04093a6cd985f724ecae45ea41a651b8a99,0fa776deb01b2db0653c5890e0aea04093a6cd985f724ecae45ea41a651b8a99,True,Ta-potential/fcc-restart/05-rss-round-1/rss/logs/unary-Ta.log,mini_lammps_exit_1
308,1,200000.0,Ta-potential/fcc-restart/05-rss-round-1/rss/raw/unary-Ta/Ta-00308.poscar,22,/home/tuzhengyu/work/WTaTi/Ta-potential/fcc-restart/05-rss-round-1/rss/minimized/unary-Ta/Ta-00308-1.poscar,9,,000926.poscar,unary-Ta/Ta-00308-1.poscar,9,,f2d98a4649b22d8c5830d328d8a07566e89fe46007354538f83dbc9de7123e9d,f2d98a4649b22d8c5830d328d8a07566e89fe46007354538f83dbc9de7123e9d,True,Ta-potential/fcc-restart/05-rss-round-1/rss/logs/unary-Ta.log,mini_lammps_exit_1
338,0,0.0,Ta-potential/fcc-restart/05-rss-round-1/rss/raw/unary-Ta/Ta-00338.poscar,22,/home/tuzhengyu/work/WTaTi/Ta-potential/fcc-restart/05-rss-round-1/rss/minimized/unary-Ta/Ta-00338-0.poscar,12,,001015.poscar,unary-Ta/Ta-00338-0.poscar,12,,1d39ba62ae02360a929a8454db65561c2f7286f3214127295d5d7db607798756,1d39ba62ae02360a929a8454db65561c2f7286f3214127295d5d7db607798756,True,Ta-potential/fcc-restart/05-rss-round-1/rss/logs/unary-Ta.log,mini_lammps_exit_1
338,1,200000.0,Ta-potential/fcc-restart/05-rss-round-1/rss/raw/unary-Ta/Ta-00338.poscar,22,/home/tuzhengyu/work/WTaTi/Ta-potential/fcc-restart/05-rss-round-1/rss/minimized/unary-Ta/Ta-00338-1.poscar,12,,001016.poscar,unary-Ta/Ta-00338-1.poscar,12,,4fff36377cd2702ad6c4a511eb40c6ef24b525ede7b431caa986f0c57789191a,4fff36377cd2702ad6c4a511eb40c6ef24b525ede7b431caa986f0c57789191a,True,Ta-potential/fcc-restart/05-rss-round-1/rss/logs/unary-Ta.log,mini_lammps_exit_1
338,2,400000.0,Ta-potential/fcc-restart/05-rss-round-1/rss/raw/unary-Ta/Ta-00338.poscar,22,/home/tuzhengyu/work/WTaTi/Ta-potential/fcc-restart/05-rss-round-1/rss/minimized/unary-Ta/Ta-00338-2.poscar,12,,001017.poscar,unary-Ta/Ta-00338-2.poscar,12,,2712a08d6ef3ab0109246cf59a0e802448bbaeb1bdca9b99ef966f0061c91102,2712a08d6ef3ab0109246cf59a0e802448bbaeb1bdca9b99ef966f0061c91102,True,Ta-potential/fcc-restart/05-rss-round-1/rss/logs/unary-Ta.log,mini_lammps_exit_1
347,0,0.0,Ta-potential/fcc-restart/05-rss-round-1/rss/raw/unary-Ta/Ta-00347.poscar,22,/home/tuzhengyu/work/WTaTi/Ta-potential/fcc-restart/05-rss-round-1/rss/minimized/unary-Ta/Ta-00347-0.poscar,15,,001042.poscar,unary-Ta/Ta-00347-0.poscar,15,,9241081e26a5efcf4df38469220a58afa96dc0eb8dc1c3a5d572f52fd71683cf,9241081e26a5efcf4df38469220a58afa96dc0eb8dc1c3a5d572f52fd71683cf,True,Ta-potential/fcc-restart/05-rss-round-1/rss/logs/unary-Ta.log,mini_lammps_exit_1
347,1,200000.0,Ta-potential/fcc-restart/05-rss-round-1/rss/raw/unary-Ta/Ta-00347.poscar,22,/home/tuzhengyu/work/WTaTi/Ta-potential/fcc-restart/05-rss-round-1/rss/minimized/unary-Ta/Ta-00347-1.poscar,25,,001043.poscar,unary-Ta/Ta-00347-1.poscar,25,,7b9953db83e2dd712e3a5f6f5c5279132d81047a416b966f2d84ae7da76fd1b8,7b9953db83e2dd712e3a5f6f5c5279132d81047a416b966f2d84ae7da76fd1b8,True,Ta-potential/fcc-restart/05-rss-round-1/rss/logs/unary-Ta.log,mini_lammps_exit_1
347,2,400000.0,Ta-potential/fcc-restart/05-rss-round-1/rss/raw/unary-Ta/Ta-00347.poscar,22,/home/tuzhengyu/work/WTaTi/Ta-potential/fcc-restart/05-rss-round-1/rss/minimized/unary-Ta/Ta-00347-2.poscar,22,,001044.poscar,unary-Ta/Ta-00347-2.poscar,22,,439ee05526193ab259df6634b3f21ba459e6e86aca615290d2fe6b36a22ef578,439ee05526193ab259df6634b3f21ba459e6e86aca615290d2fe6b36a22ef578,True,Ta-potential/fcc-restart/05-rss-round-1/rss/logs/unary-Ta.log,mini_lammps_exit_1
361,0,0.0,Ta-potential/fcc-restart/05-rss-round-1/rss/raw/unary-Ta/Ta-00361.poscar,25,/home/tuzhengyu/work/WTaTi/Ta-potential/fcc-restart/05-rss-round-1/rss/minimized/unary-Ta/Ta-00361-0.poscar,18,,001084.poscar,unary-Ta/Ta-00361-0.poscar,18,,eed0ac31f62398817a0914e82d7446daaa473a0ef2146a112b7ca95ef27eec7f,eed0ac31f62398817a0914e82d7446daaa473a0ef2146a112b7ca95ef27eec7f,True,Ta-potential/fcc-restart/05-rss-round-1/rss/logs/unary-Ta.log,mini_lammps_exit_1
361,1,200000.0,Ta-potential/fcc-restart/05-rss-round-1/rss/raw/unary-Ta/Ta-00361.poscar,25,/home/tuzhengyu/work/WTaTi/Ta-potential/fcc-restart/05-rss-round-1/rss/minimized/unary-Ta/Ta-00361-1.poscar,12,,001085.poscar,unary-Ta/Ta-00361-1.poscar,12,,6ff96ce975b55c5c150af2ffb4abd3692cd7f902cd5416ff15471b7f1c9b314c,6ff96ce975b55c5c150af2ffb4abd3692cd7f902cd5416ff15471b7f1c9b314c,True,Ta-potential/fcc-restart/05-rss-round-1/rss/logs/unary-Ta.log,mini_lammps_exit_1
361,2,400000.0,Ta-potential/fcc-restart/05-rss-round-1/rss/raw/unary-Ta/Ta-00361.poscar,25,/home/tuzhengyu/work/WTaTi/Ta-potential/fcc-restart/05-rss-round-1/rss/minimized/unary-Ta/Ta-00361-2.poscar,20,,001086.poscar,unary-Ta/Ta-00361-2.poscar,20,,020125c990e2ed84175c942285be9b3a114049601d7a5f9e294607f056d11285,020125c990e2ed84175c942285be9b3a114049601d7a5f9e294607f056d11285,True,Ta-potential/fcc-restart/05-rss-round-1/rss/logs/unary-Ta.log,mini_lammps_exit_1
362,0,0.0,Ta-potential/fcc-restart/05-rss-round-1/rss/raw/unary-Ta/Ta-00362.poscar,25,/home/tuzhengyu/work/WTaTi/Ta-potential/fcc-restart/05-rss-round-1/rss/minimized/unary-Ta/Ta-00362-0.poscar,15,,001087.poscar,unary-Ta/Ta-00362-0.poscar,15,,6a86a54b821f0b0faed81ca1f276d150b37facf922f57a0fdee4c24062fcb230,6a86a54b821f0b0faed81ca1f276d150b37facf922f57a0fdee4c24062fcb230,True,Ta-potential/fcc-restart/05-rss-round-1/rss/logs/unary-Ta.log,mini_lammps_exit_1
362,1,200000.0,Ta-potential/fcc-restart/05-rss-round-1/rss/raw/unary-Ta/Ta-00362.poscar,25,/home/tuzhengyu/work/WTaTi/Ta-potential/fcc-restart/05-rss-round-1/rss/minimized/unary-Ta/Ta-00362-1.poscar,22,,001088.poscar,unary-Ta/Ta-00362-1.poscar,22,,5915b8716da4264aa4e0cfbf8496602428073d6677dc989eb48bad8446a74776,5915b8716da4264aa4e0cfbf8496602428073d6677dc989eb48bad8446a74776,True,Ta-potential/fcc-restart/05-rss-round-1/rss/logs/unary-Ta.log,mini_lammps_exit_1
362,2,400000.0,Ta-potential/fcc-restart/05-rss-round-1/rss/raw/unary-Ta/Ta-00362.poscar,25,/home/tuzhengyu/work/WTaTi/Ta-potential/fcc-restart/05-rss-round-1/rss/minimized/unary-Ta/Ta-00362-2.poscar,22,,001089.poscar,unary-Ta/Ta-00362-2.poscar,22,,da847181a854fa1c02e476b71cd95aee7eeea6740e7de8ab8df461a402b6c38e,da847181a854fa1c02e476b71cd95aee7eeea6740e7de8ab8df461a402b6c38e,True,Ta-potential/fcc-restart/05-rss-round-1/rss/logs/unary-Ta.log,mini_lammps_exit_1
363,1,200000.0,Ta-potential/fcc-restart/05-rss-round-1/rss/raw/unary-Ta/Ta-00363.poscar,25,/home/tuzhengyu/work/WTaTi/Ta-potential/fcc-restart/05-rss-round-1/rss/minimized/unary-Ta/Ta-00363-1.poscar,10,,001091.poscar,unary-Ta/Ta-00363-1.poscar,10,,ae2837e8d424cec1e3f50de720f559f0bfdfa39059ddbf59c2d781b966cc6fea,ae2837e8d424cec1e3f50de720f559f0bfdfa39059ddbf59c2d781b966cc6fea,True,Ta-potential/fcc-restart/05-rss-round-1/rss/logs/unary-Ta.log,mini_lammps_exit_1
363,2,400000.0,Ta-potential/fcc-restart/05-rss-round-1/rss/raw/unary-Ta/Ta-00363.poscar,25,/home/tuzhengyu/work/WTaTi/Ta-potential/fcc-restart/05-rss-round-1/rss/minimized/unary-Ta/Ta-00363-2.poscar,22,,001092.poscar,unary-Ta/Ta-00363-2.poscar,22,,894683478b9a0d35e520587a4ce394fd14a4ea981726c2d64cae4c05ede19de3,894683478b9a0d35e520587a4ce394fd14a4ea981726c2d64cae4c05ede19de3,True,Ta-potential/fcc-restart/05-rss-round-1/rss/logs/unary-Ta.log,mini_lammps_exit_1
366,1,200000.0,Ta-potential/fcc-restart/05-rss-round-1/rss/raw/unary-Ta/Ta-00366.poscar,25,/home/tuzhengyu/work/WTaTi/Ta-potential/fcc-restart/05-rss-round-1/rss/minimized/unary-Ta/Ta-00366-1.poscar,22,,001100.poscar,unary-Ta/Ta-00366-1.poscar,22,,a58b0f4a8ad5061f84762585e8002f64b887cc9f2a1678c2f35113a7c595f4d4,a58b0f4a8ad5061f84762585e8002f64b887cc9f2a1678c2f35113a7c595f4d4,True,Ta-potential/fcc-restart/05-rss-round-1/rss/logs/unary-Ta.log,mini_lammps_exit_1
366,2,400000.0,Ta-potential/fcc-restart/05-rss-round-1/rss/raw/unary-Ta/Ta-00366.poscar,25,/home/tuzhengyu/work/WTaTi/Ta-potential/fcc-restart/05-rss-round-1/rss/minimized/unary-Ta/Ta-00366-2.poscar,9,,001101.poscar,unary-Ta/Ta-00366-2.poscar,9,,128278ace4b460400895bfc5073c5f6ed9b7a30276814af864a9a1cca716a42e,128278ace4b460400895bfc5073c5f6ed9b7a30276814af864a9a1cca716a42e,True,Ta-potential/fcc-restart/05-rss-round-1/rss/logs/unary-Ta.log,mini_lammps_exit_1
370,0,0.0,Ta-potential/fcc-restart/05-rss-round-1/rss/raw/unary-Ta/Ta-00370.poscar,25,/home/tuzhengyu/work/WTaTi/Ta-potential/fcc-restart/05-rss-round-1/rss/minimized/unary-Ta/Ta-00370-0.poscar,9,,001111.poscar,unary-Ta/Ta-00370-0.poscar,9,,b1f6fefe1007d1f262f443cf43621781d5addb501424a29be151b9ebe2674a39,b1f6fefe1007d1f262f443cf43621781d5addb501424a29be151b9ebe2674a39,True,Ta-potential/fcc-restart/05-rss-round-1/rss/logs/unary-Ta.log,mini_lammps_exit_1
370,2,400000.0,Ta-potential/fcc-restart/05-rss-round-1/rss/raw/unary-Ta/Ta-00370.poscar,25,/home/tuzhengyu/work/WTaTi/Ta-potential/fcc-restart/05-rss-round-1/rss/minimized/unary-Ta/Ta-00370-2.poscar,9,,001113.poscar,unary-Ta/Ta-00370-2.poscar,9,,7f33bf13a2b7996d0c29a3a49a84d506e9b0da99bd8d54610cc711601c7eaa77,7f33bf13a2b7996d0c29a3a49a84d506e9b0da99bd8d54610cc711601c7eaa77,True,Ta-potential/fcc-restart/05-rss-round-1/rss/logs/unary-Ta.log,mini_lammps_exit_1
372,1,200000.0,Ta-potential/fcc-restart/05-rss-round-1/rss/raw/unary-Ta/Ta-00372.poscar,25,/home/tuzhengyu/work/WTaTi/Ta-potential/fcc-restart/05-rss-round-1/rss/minimized/unary-Ta/Ta-00372-1.poscar,20,,001118.poscar,unary-Ta/Ta-00372-1.poscar,20,,e031b293faa31848c061c7078f8a97e38991edcf258dcdb9fb49ebd48ec63f71,e031b293faa31848c061c7078f8a97e38991edcf258dcdb9fb49ebd48ec63f71,True,Ta-potential/fcc-restart/05-rss-round-1/rss/logs/unary-Ta.log,mini_lammps_exit_1
372,2,400000.0,Ta-potential/fcc-restart/05-rss-round-1/rss/raw/unary-Ta/Ta-00372.poscar,25,/home/tuzhengyu/work/WTaTi/Ta-potential/fcc-restart/05-rss-round-1/rss/minimized/unary-Ta/Ta-00372-2.poscar,18,,001119.poscar,unary-Ta/Ta-00372-2.poscar,18,,b083a142a8895e988606d3001a29ec7de86bef3cf3da72913a25508c939d583d,b083a142a8895e988606d3001a29ec7de86bef3cf3da72913a25508c939d583d,True,Ta-potential/fcc-restart/05-rss-round-1/rss/logs/unary-Ta.log,mini_lammps_exit_1
374,0,0.0,Ta-potential/fcc-restart/05-rss-round-1/rss/raw/unary-Ta/Ta-00374.poscar,25,/home/tuzhengyu/work/WTaTi/Ta-potential/fcc-restart/05-rss-round-1/rss/minimized/unary-Ta/Ta-00374-0.poscar,20,,001123.poscar,unary-Ta/Ta-00374-0.poscar,20,,e8e8c4b04699c881deb3e96088be01259f486e5a6066e9b902b03741667da9c4,e8e8c4b04699c881deb3e96088be01259f486e5a6066e9b902b03741667da9c4,True,Ta-potential/fcc-restart/05-rss-round-1/rss/logs/unary-Ta.log,mini_lammps_exit_1
374,1,200000.0,Ta-potential/fcc-restart/05-rss-round-1/rss/raw/unary-Ta/Ta-00374.poscar,25,/home/tuzhengyu/work/WTaTi/Ta-potential/fcc-restart/05-rss-round-1/rss/minimized/unary-Ta/Ta-00374-1.poscar,9,,001124.poscar,unary-Ta/Ta-00374-1.poscar,9,,58a4700a2184b11a4c356d63ca79142fc963c19fe2e09821ff8ef126f171aae0,58a4700a2184b11a4c356d63ca79142fc963c19fe2e09821ff8ef126f171aae0,True,Ta-potential/fcc-restart/05-rss-round-1/rss/logs/unary-Ta.log,mini_lammps_exit_1
374,2,400000.0,Ta-potential/fcc-restart/05-rss-round-1/rss/raw/unary-Ta/Ta-00374.poscar,25,/home/tuzhengyu/work/WTaTi/Ta-potential/fcc-restart/05-rss-round-1/rss/minimized/unary-Ta/Ta-00374-2.poscar,15,,001125.poscar,unary-Ta/Ta-00374-2.poscar,15,,c7cd85084112859a669207618223da56419ae6bfb846c5be0d3c46bd625e0bbe,c7cd85084112859a669207618223da56419ae6bfb846c5be0d3c46bd625e0bbe,True,Ta-potential/fcc-restart/05-rss-round-1/rss/logs/unary-Ta.log,mini_lammps_exit_1
377,2,400000.0,Ta-potential/fcc-restart/05-rss-round-1/rss/raw/unary-Ta/Ta-00377.poscar,25,/home/tuzhengyu/work/WTaTi/Ta-potential/fcc-restart/05-rss-round-1/rss/minimized/unary-Ta/Ta-00377-2.poscar,12,,001134.poscar,unary-Ta/Ta-00377-2.poscar,12,,a33d52bda492f3f05664b9108cce34252d3b724df29a5d030a4fd89109dab974,a33d52bda492f3f05664b9108cce34252d3b724df29a5d030a4fd89109dab974,True,Ta-potential/fcc-restart/05-rss-round-1/rss/logs/unary-Ta.log,mini_lammps_exit_1
379,1,200000.0,Ta-potential/fcc-restart/05-rss-round-1/rss/raw/unary-Ta/Ta-00379.poscar,25,/home/tuzhengyu/work/WTaTi/Ta-potential/fcc-restart/05-rss-round-1/rss/minimized/unary-Ta/Ta-00379-1.poscar,25,,001139.poscar,unary-Ta/Ta-00379-1.poscar,25,,cbf9af1dad135ac95c09378a970c34f5501c0fe4618db636e677fffeac7db508,cbf9af1dad135ac95c09378a970c34f5501c0fe4618db636e677fffeac7db508,True,Ta-potential/fcc-restart/05-rss-round-1/rss/logs/unary-Ta.log,mini_lammps_exit_1
379,2,400000.0,Ta-potential/fcc-restart/05-rss-round-1/rss/raw/unary-Ta/Ta-00379.poscar,25,/home/tuzhengyu/work/WTaTi/Ta-potential/fcc-restart/05-rss-round-1/rss/minimized/unary-Ta/Ta-00379-2.poscar,10,,001140.poscar,unary-Ta/Ta-00379-2.poscar,10,,9a78948f7dbb3af8c584a80bf617913d1029ec3011c3447f7f90e29beee0b342,9a78948f7dbb3af8c584a80bf617913d1029ec3011c3447f7f90e29beee0b342,True,Ta-potential/fcc-restart/05-rss-round-1/rss/logs/unary-Ta.log,mini_lammps_exit_1
396,2,400000.0,Ta-potential/fcc-restart/05-rss-round-1/rss/raw/unary-Ta/Ta-00396.poscar,25,/home/tuzhengyu/work/WTaTi/Ta-potential/fcc-restart/05-rss-round-1/rss/minimized/unary-Ta/Ta-00396-2.poscar,25,,001191.poscar,unary-Ta/Ta-00396-2.poscar,25,,afee282d631e202f085f4a659d0ed9f801516d395b8c029d421f0643bd07c70c,afee282d631e202f085f4a659d0ed9f801516d395b8c029d421f0643bd07c70c,True,Ta-potential/fcc-restart/05-rss-round-1/rss/logs/unary-Ta.log,mini_lammps_exit_1
