new_name	original_path
000001.poscar	unary-Ta/Ta-00000-0.poscar
000002.poscar	unary-Ta/Ta-00000-1.poscar
000003.poscar	unary-Ta/Ta-00000-2.poscar
000004.poscar	unary-Ta/Ta-00001-0.poscar
000005.poscar	unary-Ta/Ta-00001-1.poscar
000006.poscar	unary-Ta/Ta-00001-2.poscar
000007.poscar	unary-Ta/Ta-00002-0.poscar
000008.poscar	unary-Ta/Ta-00002-1.poscar
000009.poscar	unary-Ta/Ta-00002-2.poscar
000010.poscar	unary-Ta/Ta-00003-0.poscar
000011.poscar	unary-Ta/Ta-00003-1.poscar
000012.poscar	unary-Ta/Ta-00003-2.poscar
000013.poscar	unary-Ta/Ta-00004-0.poscar
000014.poscar	unary-Ta/Ta-00004-1.poscar
000015.poscar	unary-Ta/Ta-00004-2.poscar
000016.poscar	unary-Ta/Ta-00005-0.poscar
000017.poscar	unary-Ta/Ta-00005-1.poscar
000018.poscar	unary-Ta/Ta-00005-2.poscar
000019.poscar	unary-Ta/Ta-00006-0.poscar
000020.poscar	unary-Ta/Ta-00006-1.poscar
000021.poscar	unary-Ta/Ta-00006-2.poscar
000022.poscar	unary-Ta/Ta-00007-0.poscar
000023.poscar	unary-Ta/Ta-00007-1.poscar
000024.poscar	unary-Ta/Ta-00007-2.poscar
000025.poscar	unary-Ta/Ta-00008-0.poscar
000026.poscar	unary-Ta/Ta-00008-1.poscar
000027.poscar	unary-Ta/Ta-00008-2.poscar
000028.poscar	unary-Ta/Ta-00009-0.poscar
000029.poscar	unary-Ta/Ta-00009-1.poscar
000030.poscar	unary-Ta/Ta-00009-2.poscar
000031.poscar	unary-Ta/Ta-00010-0.poscar
000032.poscar	unary-Ta/Ta-00010-1.poscar
000033.poscar	unary-Ta/Ta-00010-2.poscar
000034.poscar	unary-Ta/Ta-00011-0.poscar
000035.poscar	unary-Ta/Ta-00011-1.poscar
000036.poscar	unary-Ta/Ta-00011-2.poscar
000037.poscar	unary-Ta/Ta-00012-0.poscar
000038.poscar	unary-Ta/Ta-00012-1.poscar
000039.poscar	unary-Ta/Ta-00012-2.poscar
000040.poscar	unary-Ta/Ta-00013-0.poscar
000041.poscar	unary-Ta/Ta-00013-1.poscar
000042.poscar	unary-Ta/Ta-00013-2.poscar
000043.poscar	unary-Ta/Ta-00014-0.poscar
000044.poscar	unary-Ta/Ta-00014-1.poscar
000045.poscar	unary-Ta/Ta-00014-2.poscar
000046.poscar	unary-Ta/Ta-00015-0.poscar
000047.poscar	unary-Ta/Ta-00015-1.poscar
000048.poscar	unary-Ta/Ta-00015-2.poscar
000049.poscar	unary-Ta/Ta-00016-0.poscar
000050.poscar	unary-Ta/Ta-00016-1.poscar
000051.poscar	unary-Ta/Ta-00016-2.poscar
000052.poscar	unary-Ta/Ta-00017-0.poscar
000053.poscar	unary-Ta/Ta-00017-1.poscar
000054.poscar	unary-Ta/Ta-00017-2.poscar
000055.poscar	unary-Ta/Ta-00018-0.poscar
000056.poscar	unary-Ta/Ta-00018-1.poscar
000057.poscar	unary-Ta/Ta-00018-2.poscar
000058.poscar	unary-Ta/Ta-00019-0.poscar
000059.poscar	unary-Ta/Ta-00019-1.poscar
000060.poscar	unary-Ta/Ta-00019-2.poscar
000061.poscar	unary-Ta/Ta-00020-0.poscar
000062.poscar	unary-Ta/Ta-00020-1.poscar
000063.poscar	unary-Ta/Ta-00020-2.poscar
000064.poscar	unary-Ta/Ta-00021-0.poscar
000065.poscar	unary-Ta/Ta-00021-1.poscar
000066.poscar	unary-Ta/Ta-00021-2.poscar
000067.poscar	unary-Ta/Ta-00022-0.poscar
000068.poscar	unary-Ta/Ta-00022-1.poscar
000069.poscar	unary-Ta/Ta-00022-2.poscar
000070.poscar	unary-Ta/Ta-00023-0.poscar
000071.poscar	unary-Ta/Ta-00023-1.poscar
000072.poscar	unary-Ta/Ta-00023-2.poscar
000073.poscar	unary-Ta/Ta-00024-0.poscar
000074.poscar	unary-Ta/Ta-00024-1.poscar
000075.poscar	unary-Ta/Ta-00024-2.poscar
000076.poscar	unary-Ta/Ta-00025-0.poscar
000077.poscar	unary-Ta/Ta-00025-1.poscar
000078.poscar	unary-Ta/Ta-00025-2.poscar
000079.poscar	unary-Ta/Ta-00026-0.poscar
000080.poscar	unary-Ta/Ta-00026-1.poscar
000081.poscar	unary-Ta/Ta-00026-2.poscar
000082.poscar	unary-Ta/Ta-00027-0.poscar
000083.poscar	unary-Ta/Ta-00027-1.poscar
000084.poscar	unary-Ta/Ta-00027-2.poscar
000085.poscar	unary-Ta/Ta-00028-0.poscar
000086.poscar	unary-Ta/Ta-00028-1.poscar
000087.poscar	unary-Ta/Ta-00028-2.poscar
000088.poscar	unary-Ta/Ta-00029-0.poscar
000089.poscar	unary-Ta/Ta-00029-1.poscar
000090.poscar	unary-Ta/Ta-00029-2.poscar
000091.poscar	unary-Ta/Ta-00030-0.poscar
000092.poscar	unary-Ta/Ta-00030-1.poscar
000093.poscar	unary-Ta/Ta-00030-2.poscar
000094.poscar	unary-Ta/Ta-00031-0.poscar
000095.poscar	unary-Ta/Ta-00031-1.poscar
000096.poscar	unary-Ta/Ta-00031-2.poscar
000097.poscar	unary-Ta/Ta-00032-0.poscar
000098.poscar	unary-Ta/Ta-00032-1.poscar
000099.poscar	unary-Ta/Ta-00032-2.poscar
000100.poscar	unary-Ta/Ta-00033-0.poscar
000101.poscar	unary-Ta/Ta-00033-1.poscar
000102.poscar	unary-Ta/Ta-00033-2.poscar
000103.poscar	unary-Ta/Ta-00034-0.poscar
000104.poscar	unary-Ta/Ta-00034-1.poscar
000105.poscar	unary-Ta/Ta-00034-2.poscar
000106.poscar	unary-Ta/Ta-00035-0.poscar
000107.poscar	unary-Ta/Ta-00035-1.poscar
000108.poscar	unary-Ta/Ta-00035-2.poscar
000109.poscar	unary-Ta/Ta-00036-0.poscar
000110.poscar	unary-Ta/Ta-00036-1.poscar
000111.poscar	unary-Ta/Ta-00036-2.poscar
000112.poscar	unary-Ta/Ta-00037-0.poscar
000113.poscar	unary-Ta/Ta-00037-1.poscar
000114.poscar	unary-Ta/Ta-00037-2.poscar
000115.poscar	unary-Ta/Ta-00038-0.poscar
000116.poscar	unary-Ta/Ta-00038-1.poscar
000117.poscar	unary-Ta/Ta-00038-2.poscar
000118.poscar	unary-Ta/Ta-00039-0.poscar
000119.poscar	unary-Ta/Ta-00039-1.poscar
000120.poscar	unary-Ta/Ta-00039-2.poscar
000121.poscar	unary-Ta/Ta-00040-0.poscar
000122.poscar	unary-Ta/Ta-00040-1.poscar
000123.poscar	unary-Ta/Ta-00040-2.poscar
000124.poscar	unary-Ta/Ta-00041-0.poscar
000125.poscar	unary-Ta/Ta-00041-1.poscar
000126.poscar	unary-Ta/Ta-00041-2.poscar
000127.poscar	unary-Ta/Ta-00042-0.poscar
000128.poscar	unary-Ta/Ta-00042-1.poscar
000129.poscar	unary-Ta/Ta-00042-2.poscar
000130.poscar	unary-Ta/Ta-00043-0.poscar
000131.poscar	unary-Ta/Ta-00043-1.poscar
000132.poscar	unary-Ta/Ta-00043-2.poscar
000133.poscar	unary-Ta/Ta-00044-0.poscar
000134.poscar	unary-Ta/Ta-00044-1.poscar
000135.poscar	unary-Ta/Ta-00044-2.poscar
000136.poscar	unary-Ta/Ta-00045-0.poscar
000137.poscar	unary-Ta/Ta-00045-1.poscar
000138.poscar	unary-Ta/Ta-00045-2.poscar
000139.poscar	unary-Ta/Ta-00046-0.poscar
000140.poscar	unary-Ta/Ta-00046-1.poscar
000141.poscar	unary-Ta/Ta-00046-2.poscar
000142.poscar	unary-Ta/Ta-00047-0.poscar
000143.poscar	unary-Ta/Ta-00047-1.poscar
000144.poscar	unary-Ta/Ta-00047-2.poscar
000145.poscar	unary-Ta/Ta-00048-0.poscar
000146.poscar	unary-Ta/Ta-00048-1.poscar
000147.poscar	unary-Ta/Ta-00048-2.poscar
000148.poscar	unary-Ta/Ta-00049-0.poscar
000149.poscar	unary-Ta/Ta-00049-1.poscar
000150.poscar	unary-Ta/Ta-00049-2.poscar
000151.poscar	unary-Ta/Ta-00050-0.poscar
000152.poscar	unary-Ta/Ta-00050-1.poscar
000153.poscar	unary-Ta/Ta-00050-2.poscar
000154.poscar	unary-Ta/Ta-00051-0.poscar
000155.poscar	unary-Ta/Ta-00051-1.poscar
000156.poscar	unary-Ta/Ta-00051-2.poscar
000157.poscar	unary-Ta/Ta-00052-0.poscar
000158.poscar	unary-Ta/Ta-00052-1.poscar
000159.poscar	unary-Ta/Ta-00052-2.poscar
000160.poscar	unary-Ta/Ta-00053-0.poscar
000161.poscar	unary-Ta/Ta-00053-1.poscar
000162.poscar	unary-Ta/Ta-00053-2.poscar
000163.poscar	unary-Ta/Ta-00054-0.poscar
000164.poscar	unary-Ta/Ta-00054-1.poscar
000165.poscar	unary-Ta/Ta-00054-2.poscar
000166.poscar	unary-Ta/Ta-00055-0.poscar
000167.poscar	unary-Ta/Ta-00055-1.poscar
000168.poscar	unary-Ta/Ta-00055-2.poscar
000169.poscar	unary-Ta/Ta-00056-0.poscar
000170.poscar	unary-Ta/Ta-00056-1.poscar
000171.poscar	unary-Ta/Ta-00056-2.poscar
000172.poscar	unary-Ta/Ta-00057-0.poscar
000173.poscar	unary-Ta/Ta-00057-1.poscar
000174.poscar	unary-Ta/Ta-00057-2.poscar
000175.poscar	unary-Ta/Ta-00058-0.poscar
000176.poscar	unary-Ta/Ta-00058-1.poscar
000177.poscar	unary-Ta/Ta-00058-2.poscar
000178.poscar	unary-Ta/Ta-00059-0.poscar
000179.poscar	unary-Ta/Ta-00059-1.poscar
000180.poscar	unary-Ta/Ta-00059-2.poscar
000181.poscar	unary-Ta/Ta-00060-0.poscar
000182.poscar	unary-Ta/Ta-00060-1.poscar
000183.poscar	unary-Ta/Ta-00060-2.poscar
000184.poscar	unary-Ta/Ta-00061-0.poscar
000185.poscar	unary-Ta/Ta-00061-1.poscar
000186.poscar	unary-Ta/Ta-00061-2.poscar
000187.poscar	unary-Ta/Ta-00062-0.poscar
000188.poscar	unary-Ta/Ta-00062-1.poscar
000189.poscar	unary-Ta/Ta-00062-2.poscar
000190.poscar	unary-Ta/Ta-00063-0.poscar
000191.poscar	unary-Ta/Ta-00063-1.poscar
000192.poscar	unary-Ta/Ta-00063-2.poscar
000193.poscar	unary-Ta/Ta-00064-0.poscar
000194.poscar	unary-Ta/Ta-00064-1.poscar
000195.poscar	unary-Ta/Ta-00064-2.poscar
000196.poscar	unary-Ta/Ta-00065-0.poscar
000197.poscar	unary-Ta/Ta-00065-1.poscar
000198.poscar	unary-Ta/Ta-00065-2.poscar
000199.poscar	unary-Ta/Ta-00066-0.poscar
000200.poscar	unary-Ta/Ta-00066-1.poscar
000201.poscar	unary-Ta/Ta-00066-2.poscar
000202.poscar	unary-Ta/Ta-00067-0.poscar
000203.poscar	unary-Ta/Ta-00067-1.poscar
000204.poscar	unary-Ta/Ta-00067-2.poscar
000205.poscar	unary-Ta/Ta-00068-0.poscar
000206.poscar	unary-Ta/Ta-00068-1.poscar
000207.poscar	unary-Ta/Ta-00068-2.poscar
000208.poscar	unary-Ta/Ta-00069-0.poscar
000209.poscar	unary-Ta/Ta-00069-1.poscar
000210.poscar	unary-Ta/Ta-00069-2.poscar
000211.poscar	unary-Ta/Ta-00070-0.poscar
000212.poscar	unary-Ta/Ta-00070-1.poscar
000213.poscar	unary-Ta/Ta-00070-2.poscar
000214.poscar	unary-Ta/Ta-00071-0.poscar
000215.poscar	unary-Ta/Ta-00071-1.poscar
000216.poscar	unary-Ta/Ta-00071-2.poscar
000217.poscar	unary-Ta/Ta-00072-0.poscar
000218.poscar	unary-Ta/Ta-00072-1.poscar
000219.poscar	unary-Ta/Ta-00072-2.poscar
000220.poscar	unary-Ta/Ta-00073-0.poscar
000221.poscar	unary-Ta/Ta-00073-1.poscar
000222.poscar	unary-Ta/Ta-00073-2.poscar
000223.poscar	unary-Ta/Ta-00074-0.poscar
000224.poscar	unary-Ta/Ta-00074-1.poscar
000225.poscar	unary-Ta/Ta-00074-2.poscar
000226.poscar	unary-Ta/Ta-00075-0.poscar
000227.poscar	unary-Ta/Ta-00075-1.poscar
000228.poscar	unary-Ta/Ta-00075-2.poscar
000229.poscar	unary-Ta/Ta-00076-0.poscar
000230.poscar	unary-Ta/Ta-00076-1.poscar
000231.poscar	unary-Ta/Ta-00076-2.poscar
000232.poscar	unary-Ta/Ta-00077-0.poscar
000233.poscar	unary-Ta/Ta-00077-1.poscar
000234.poscar	unary-Ta/Ta-00077-2.poscar
000235.poscar	unary-Ta/Ta-00078-0.poscar
000236.poscar	unary-Ta/Ta-00078-1.poscar
000237.poscar	unary-Ta/Ta-00078-2.poscar
000238.poscar	unary-Ta/Ta-00079-0.poscar
000239.poscar	unary-Ta/Ta-00079-1.poscar
000240.poscar	unary-Ta/Ta-00079-2.poscar
000241.poscar	unary-Ta/Ta-00080-0.poscar
000242.poscar	unary-Ta/Ta-00080-1.poscar
000243.poscar	unary-Ta/Ta-00080-2.poscar
000244.poscar	unary-Ta/Ta-00081-0.poscar
000245.poscar	unary-Ta/Ta-00081-1.poscar
000246.poscar	unary-Ta/Ta-00081-2.poscar
000247.poscar	unary-Ta/Ta-00082-0.poscar
000248.poscar	unary-Ta/Ta-00082-1.poscar
000249.poscar	unary-Ta/Ta-00082-2.poscar
000250.poscar	unary-Ta/Ta-00083-0.poscar
000251.poscar	unary-Ta/Ta-00083-1.poscar
000252.poscar	unary-Ta/Ta-00083-2.poscar
000253.poscar	unary-Ta/Ta-00084-0.poscar
000254.poscar	unary-Ta/Ta-00084-1.poscar
000255.poscar	unary-Ta/Ta-00084-2.poscar
000256.poscar	unary-Ta/Ta-00085-0.poscar
000257.poscar	unary-Ta/Ta-00085-1.poscar
000258.poscar	unary-Ta/Ta-00085-2.poscar
000259.poscar	unary-Ta/Ta-00086-0.poscar
000260.poscar	unary-Ta/Ta-00086-1.poscar
000261.poscar	unary-Ta/Ta-00086-2.poscar
000262.poscar	unary-Ta/Ta-00087-0.poscar
000263.poscar	unary-Ta/Ta-00087-1.poscar
000264.poscar	unary-Ta/Ta-00087-2.poscar
000265.poscar	unary-Ta/Ta-00088-0.poscar
000266.poscar	unary-Ta/Ta-00088-1.poscar
000267.poscar	unary-Ta/Ta-00088-2.poscar
000268.poscar	unary-Ta/Ta-00089-0.poscar
000269.poscar	unary-Ta/Ta-00089-1.poscar
000270.poscar	unary-Ta/Ta-00089-2.poscar
000271.poscar	unary-Ta/Ta-00090-0.poscar
000272.poscar	unary-Ta/Ta-00090-1.poscar
000273.poscar	unary-Ta/Ta-00090-2.poscar
000274.poscar	unary-Ta/Ta-00091-0.poscar
000275.poscar	unary-Ta/Ta-00091-1.poscar
000276.poscar	unary-Ta/Ta-00091-2.poscar
000277.poscar	unary-Ta/Ta-00092-0.poscar
000278.poscar	unary-Ta/Ta-00092-1.poscar
000279.poscar	unary-Ta/Ta-00092-2.poscar
000280.poscar	unary-Ta/Ta-00093-0.poscar
000281.poscar	unary-Ta/Ta-00093-1.poscar
000282.poscar	unary-Ta/Ta-00093-2.poscar
000283.poscar	unary-Ta/Ta-00094-0.poscar
000284.poscar	unary-Ta/Ta-00094-1.poscar
000285.poscar	unary-Ta/Ta-00094-2.poscar
000286.poscar	unary-Ta/Ta-00095-0.poscar
000287.poscar	unary-Ta/Ta-00095-1.poscar
000288.poscar	unary-Ta/Ta-00095-2.poscar
000289.poscar	unary-Ta/Ta-00096-0.poscar
000290.poscar	unary-Ta/Ta-00096-1.poscar
000291.poscar	unary-Ta/Ta-00096-2.poscar
000292.poscar	unary-Ta/Ta-00097-0.poscar
000293.poscar	unary-Ta/Ta-00097-1.poscar
000294.poscar	unary-Ta/Ta-00097-2.poscar
000295.poscar	unary-Ta/Ta-00098-0.poscar
000296.poscar	unary-Ta/Ta-00098-1.poscar
000297.poscar	unary-Ta/Ta-00098-2.poscar
000298.poscar	unary-Ta/Ta-00099-0.poscar
000299.poscar	unary-Ta/Ta-00099-1.poscar
000300.poscar	unary-Ta/Ta-00099-2.poscar
000301.poscar	unary-Ta/Ta-00100-0.poscar
000302.poscar	unary-Ta/Ta-00100-1.poscar
000303.poscar	unary-Ta/Ta-00100-2.poscar
000304.poscar	unary-Ta/Ta-00101-0.poscar
000305.poscar	unary-Ta/Ta-00101-1.poscar
000306.poscar	unary-Ta/Ta-00101-2.poscar
000307.poscar	unary-Ta/Ta-00102-0.poscar
000308.poscar	unary-Ta/Ta-00102-1.poscar
000309.poscar	unary-Ta/Ta-00102-2.poscar
000310.poscar	unary-Ta/Ta-00103-0.poscar
000311.poscar	unary-Ta/Ta-00103-1.poscar
000312.poscar	unary-Ta/Ta-00103-2.poscar
000313.poscar	unary-Ta/Ta-00104-0.poscar
000314.poscar	unary-Ta/Ta-00104-1.poscar
000315.poscar	unary-Ta/Ta-00104-2.poscar
000316.poscar	unary-Ta/Ta-00105-0.poscar
000317.poscar	unary-Ta/Ta-00105-1.poscar
000318.poscar	unary-Ta/Ta-00105-2.poscar
000319.poscar	unary-Ta/Ta-00106-0.poscar
000320.poscar	unary-Ta/Ta-00106-1.poscar
000321.poscar	unary-Ta/Ta-00106-2.poscar
000322.poscar	unary-Ta/Ta-00107-0.poscar
000323.poscar	unary-Ta/Ta-00107-1.poscar
000324.poscar	unary-Ta/Ta-00107-2.poscar
000325.poscar	unary-Ta/Ta-00108-0.poscar
000326.poscar	unary-Ta/Ta-00108-1.poscar
000327.poscar	unary-Ta/Ta-00108-2.poscar
000328.poscar	unary-Ta/Ta-00109-0.poscar
000329.poscar	unary-Ta/Ta-00109-1.poscar
000330.poscar	unary-Ta/Ta-00109-2.poscar
000331.poscar	unary-Ta/Ta-00110-0.poscar
000332.poscar	unary-Ta/Ta-00110-1.poscar
000333.poscar	unary-Ta/Ta-00110-2.poscar
000334.poscar	unary-Ta/Ta-00111-0.poscar
000335.poscar	unary-Ta/Ta-00111-1.poscar
000336.poscar	unary-Ta/Ta-00111-2.poscar
000337.poscar	unary-Ta/Ta-00112-0.poscar
000338.poscar	unary-Ta/Ta-00112-1.poscar
000339.poscar	unary-Ta/Ta-00112-2.poscar
000340.poscar	unary-Ta/Ta-00113-0.poscar
000341.poscar	unary-Ta/Ta-00113-1.poscar
000342.poscar	unary-Ta/Ta-00113-2.poscar
000343.poscar	unary-Ta/Ta-00114-0.poscar
000344.poscar	unary-Ta/Ta-00114-1.poscar
000345.poscar	unary-Ta/Ta-00114-2.poscar
000346.poscar	unary-Ta/Ta-00115-0.poscar
000347.poscar	unary-Ta/Ta-00115-1.poscar
000348.poscar	unary-Ta/Ta-00115-2.poscar
000349.poscar	unary-Ta/Ta-00116-0.poscar
000350.poscar	unary-Ta/Ta-00116-1.poscar
000351.poscar	unary-Ta/Ta-00116-2.poscar
000352.poscar	unary-Ta/Ta-00117-0.poscar
000353.poscar	unary-Ta/Ta-00117-1.poscar
000354.poscar	unary-Ta/Ta-00117-2.poscar
000355.poscar	unary-Ta/Ta-00118-0.poscar
000356.poscar	unary-Ta/Ta-00118-1.poscar
000357.poscar	unary-Ta/Ta-00118-2.poscar
000358.poscar	unary-Ta/Ta-00119-0.poscar
000359.poscar	unary-Ta/Ta-00119-1.poscar
000360.poscar	unary-Ta/Ta-00119-2.poscar
000361.poscar	unary-Ta/Ta-00120-0.poscar
000362.poscar	unary-Ta/Ta-00120-1.poscar
000363.poscar	unary-Ta/Ta-00120-2.poscar
000364.poscar	unary-Ta/Ta-00121-0.poscar
000365.poscar	unary-Ta/Ta-00121-1.poscar
000366.poscar	unary-Ta/Ta-00121-2.poscar
000367.poscar	unary-Ta/Ta-00122-0.poscar
000368.poscar	unary-Ta/Ta-00122-1.poscar
000369.poscar	unary-Ta/Ta-00122-2.poscar
000370.poscar	unary-Ta/Ta-00123-0.poscar
000371.poscar	unary-Ta/Ta-00123-1.poscar
000372.poscar	unary-Ta/Ta-00123-2.poscar
000373.poscar	unary-Ta/Ta-00124-0.poscar
000374.poscar	unary-Ta/Ta-00124-1.poscar
000375.poscar	unary-Ta/Ta-00124-2.poscar
000376.poscar	unary-Ta/Ta-00125-0.poscar
000377.poscar	unary-Ta/Ta-00125-1.poscar
000378.poscar	unary-Ta/Ta-00125-2.poscar
000379.poscar	unary-Ta/Ta-00126-0.poscar
000380.poscar	unary-Ta/Ta-00126-1.poscar
000381.poscar	unary-Ta/Ta-00126-2.poscar
000382.poscar	unary-Ta/Ta-00127-0.poscar
000383.poscar	unary-Ta/Ta-00127-1.poscar
000384.poscar	unary-Ta/Ta-00127-2.poscar
000385.poscar	unary-Ta/Ta-00128-0.poscar
000386.poscar	unary-Ta/Ta-00128-1.poscar
000387.poscar	unary-Ta/Ta-00128-2.poscar
000388.poscar	unary-Ta/Ta-00129-0.poscar
000389.poscar	unary-Ta/Ta-00129-1.poscar
000390.poscar	unary-Ta/Ta-00129-2.poscar
000391.poscar	unary-Ta/Ta-00130-0.poscar
000392.poscar	unary-Ta/Ta-00130-1.poscar
000393.poscar	unary-Ta/Ta-00130-2.poscar
000394.poscar	unary-Ta/Ta-00131-0.poscar
000395.poscar	unary-Ta/Ta-00131-1.poscar
000396.poscar	unary-Ta/Ta-00131-2.poscar
000397.poscar	unary-Ta/Ta-00132-0.poscar
000398.poscar	unary-Ta/Ta-00132-1.poscar
000399.poscar	unary-Ta/Ta-00132-2.poscar
000400.poscar	unary-Ta/Ta-00133-0.poscar
000401.poscar	unary-Ta/Ta-00133-1.poscar
000402.poscar	unary-Ta/Ta-00133-2.poscar
000403.poscar	unary-Ta/Ta-00134-0.poscar
000404.poscar	unary-Ta/Ta-00134-1.poscar
000405.poscar	unary-Ta/Ta-00134-2.poscar
000406.poscar	unary-Ta/Ta-00135-0.poscar
000407.poscar	unary-Ta/Ta-00135-1.poscar
000408.poscar	unary-Ta/Ta-00135-2.poscar
000409.poscar	unary-Ta/Ta-00136-0.poscar
000410.poscar	unary-Ta/Ta-00136-1.poscar
000411.poscar	unary-Ta/Ta-00136-2.poscar
000412.poscar	unary-Ta/Ta-00137-0.poscar
000413.poscar	unary-Ta/Ta-00137-1.poscar
000414.poscar	unary-Ta/Ta-00137-2.poscar
000415.poscar	unary-Ta/Ta-00138-0.poscar
000416.poscar	unary-Ta/Ta-00138-1.poscar
000417.poscar	unary-Ta/Ta-00138-2.poscar
000418.poscar	unary-Ta/Ta-00139-0.poscar
000419.poscar	unary-Ta/Ta-00139-1.poscar
000420.poscar	unary-Ta/Ta-00139-2.poscar
000421.poscar	unary-Ta/Ta-00140-0.poscar
000422.poscar	unary-Ta/Ta-00140-1.poscar
000423.poscar	unary-Ta/Ta-00140-2.poscar
000424.poscar	unary-Ta/Ta-00141-0.poscar
000425.poscar	unary-Ta/Ta-00141-1.poscar
000426.poscar	unary-Ta/Ta-00141-2.poscar
000427.poscar	unary-Ta/Ta-00142-0.poscar
000428.poscar	unary-Ta/Ta-00142-1.poscar
000429.poscar	unary-Ta/Ta-00142-2.poscar
000430.poscar	unary-Ta/Ta-00143-0.poscar
000431.poscar	unary-Ta/Ta-00143-1.poscar
000432.poscar	unary-Ta/Ta-00143-2.poscar
000433.poscar	unary-Ta/Ta-00144-0.poscar
000434.poscar	unary-Ta/Ta-00144-1.poscar
000435.poscar	unary-Ta/Ta-00144-2.poscar
000436.poscar	unary-Ta/Ta-00145-0.poscar
000437.poscar	unary-Ta/Ta-00145-1.poscar
000438.poscar	unary-Ta/Ta-00145-2.poscar
000439.poscar	unary-Ta/Ta-00146-0.poscar
000440.poscar	unary-Ta/Ta-00146-1.poscar
000441.poscar	unary-Ta/Ta-00146-2.poscar
000442.poscar	unary-Ta/Ta-00147-0.poscar
000443.poscar	unary-Ta/Ta-00147-1.poscar
000444.poscar	unary-Ta/Ta-00147-2.poscar
000445.poscar	unary-Ta/Ta-00148-0.poscar
000446.poscar	unary-Ta/Ta-00148-1.poscar
000447.poscar	unary-Ta/Ta-00148-2.poscar
000448.poscar	unary-Ta/Ta-00149-0.poscar
000449.poscar	unary-Ta/Ta-00149-1.poscar
000450.poscar	unary-Ta/Ta-00149-2.poscar
000451.poscar	unary-Ta/Ta-00150-0.poscar
000452.poscar	unary-Ta/Ta-00150-1.poscar
000453.poscar	unary-Ta/Ta-00150-2.poscar
000454.poscar	unary-Ta/Ta-00151-0.poscar
000455.poscar	unary-Ta/Ta-00151-1.poscar
000456.poscar	unary-Ta/Ta-00151-2.poscar
000457.poscar	unary-Ta/Ta-00152-0.poscar
000458.poscar	unary-Ta/Ta-00152-1.poscar
000459.poscar	unary-Ta/Ta-00152-2.poscar
000460.poscar	unary-Ta/Ta-00153-0.poscar
000461.poscar	unary-Ta/Ta-00153-1.poscar
000462.poscar	unary-Ta/Ta-00153-2.poscar
000463.poscar	unary-Ta/Ta-00154-0.poscar
000464.poscar	unary-Ta/Ta-00154-1.poscar
000465.poscar	unary-Ta/Ta-00154-2.poscar
000466.poscar	unary-Ta/Ta-00155-0.poscar
000467.poscar	unary-Ta/Ta-00155-1.poscar
000468.poscar	unary-Ta/Ta-00155-2.poscar
000469.poscar	unary-Ta/Ta-00156-0.poscar
000470.poscar	unary-Ta/Ta-00156-1.poscar
000471.poscar	unary-Ta/Ta-00156-2.poscar
000472.poscar	unary-Ta/Ta-00157-0.poscar
000473.poscar	unary-Ta/Ta-00157-1.poscar
000474.poscar	unary-Ta/Ta-00157-2.poscar
000475.poscar	unary-Ta/Ta-00158-0.poscar
000476.poscar	unary-Ta/Ta-00158-1.poscar
000477.poscar	unary-Ta/Ta-00158-2.poscar
000478.poscar	unary-Ta/Ta-00159-0.poscar
000479.poscar	unary-Ta/Ta-00159-1.poscar
000480.poscar	unary-Ta/Ta-00159-2.poscar
000481.poscar	unary-Ta/Ta-00160-0.poscar
000482.poscar	unary-Ta/Ta-00160-1.poscar
000483.poscar	unary-Ta/Ta-00160-2.poscar
000484.poscar	unary-Ta/Ta-00161-0.poscar
000485.poscar	unary-Ta/Ta-00161-1.poscar
000486.poscar	unary-Ta/Ta-00161-2.poscar
000487.poscar	unary-Ta/Ta-00162-0.poscar
000488.poscar	unary-Ta/Ta-00162-1.poscar
000489.poscar	unary-Ta/Ta-00162-2.poscar
000490.poscar	unary-Ta/Ta-00163-0.poscar
000491.poscar	unary-Ta/Ta-00163-1.poscar
000492.poscar	unary-Ta/Ta-00163-2.poscar
000493.poscar	unary-Ta/Ta-00164-0.poscar
000494.poscar	unary-Ta/Ta-00164-1.poscar
000495.poscar	unary-Ta/Ta-00164-2.poscar
000496.poscar	unary-Ta/Ta-00165-0.poscar
000497.poscar	unary-Ta/Ta-00165-1.poscar
000498.poscar	unary-Ta/Ta-00165-2.poscar
000499.poscar	unary-Ta/Ta-00166-0.poscar
000500.poscar	unary-Ta/Ta-00166-1.poscar
000501.poscar	unary-Ta/Ta-00166-2.poscar
000502.poscar	unary-Ta/Ta-00167-0.poscar
000503.poscar	unary-Ta/Ta-00167-1.poscar
000504.poscar	unary-Ta/Ta-00167-2.poscar
000505.poscar	unary-Ta/Ta-00168-0.poscar
000506.poscar	unary-Ta/Ta-00168-1.poscar
000507.poscar	unary-Ta/Ta-00168-2.poscar
000508.poscar	unary-Ta/Ta-00169-0.poscar
000509.poscar	unary-Ta/Ta-00169-1.poscar
000510.poscar	unary-Ta/Ta-00169-2.poscar
000511.poscar	unary-Ta/Ta-00170-0.poscar
000512.poscar	unary-Ta/Ta-00170-1.poscar
000513.poscar	unary-Ta/Ta-00170-2.poscar
000514.poscar	unary-Ta/Ta-00171-0.poscar
000515.poscar	unary-Ta/Ta-00171-1.poscar
000516.poscar	unary-Ta/Ta-00171-2.poscar
000517.poscar	unary-Ta/Ta-00172-0.poscar
000518.poscar	unary-Ta/Ta-00172-1.poscar
000519.poscar	unary-Ta/Ta-00172-2.poscar
000520.poscar	unary-Ta/Ta-00173-0.poscar
000521.poscar	unary-Ta/Ta-00173-1.poscar
000522.poscar	unary-Ta/Ta-00173-2.poscar
000523.poscar	unary-Ta/Ta-00174-0.poscar
000524.poscar	unary-Ta/Ta-00174-1.poscar
000525.poscar	unary-Ta/Ta-00174-2.poscar
000526.poscar	unary-Ta/Ta-00175-0.poscar
000527.poscar	unary-Ta/Ta-00175-1.poscar
000528.poscar	unary-Ta/Ta-00175-2.poscar
000529.poscar	unary-Ta/Ta-00176-0.poscar
000530.poscar	unary-Ta/Ta-00176-1.poscar
000531.poscar	unary-Ta/Ta-00176-2.poscar
000532.poscar	unary-Ta/Ta-00177-0.poscar
000533.poscar	unary-Ta/Ta-00177-1.poscar
000534.poscar	unary-Ta/Ta-00177-2.poscar
000535.poscar	unary-Ta/Ta-00178-0.poscar
000536.poscar	unary-Ta/Ta-00178-1.poscar
000537.poscar	unary-Ta/Ta-00178-2.poscar
000538.poscar	unary-Ta/Ta-00179-0.poscar
000539.poscar	unary-Ta/Ta-00179-1.poscar
000540.poscar	unary-Ta/Ta-00179-2.poscar
000541.poscar	unary-Ta/Ta-00180-0.poscar
000542.poscar	unary-Ta/Ta-00180-1.poscar
000543.poscar	unary-Ta/Ta-00180-2.poscar
000544.poscar	unary-Ta/Ta-00181-0.poscar
000545.poscar	unary-Ta/Ta-00181-1.poscar
000546.poscar	unary-Ta/Ta-00181-2.poscar
000547.poscar	unary-Ta/Ta-00182-0.poscar
000548.poscar	unary-Ta/Ta-00182-1.poscar
000549.poscar	unary-Ta/Ta-00182-2.poscar
000550.poscar	unary-Ta/Ta-00183-0.poscar
000551.poscar	unary-Ta/Ta-00183-1.poscar
000552.poscar	unary-Ta/Ta-00183-2.poscar
000553.poscar	unary-Ta/Ta-00184-0.poscar
000554.poscar	unary-Ta/Ta-00184-1.poscar
000555.poscar	unary-Ta/Ta-00184-2.poscar
000556.poscar	unary-Ta/Ta-00185-0.poscar
000557.poscar	unary-Ta/Ta-00185-1.poscar
000558.poscar	unary-Ta/Ta-00185-2.poscar
000559.poscar	unary-Ta/Ta-00186-0.poscar
000560.poscar	unary-Ta/Ta-00186-1.poscar
000561.poscar	unary-Ta/Ta-00186-2.poscar
000562.poscar	unary-Ta/Ta-00187-0.poscar
000563.poscar	unary-Ta/Ta-00187-1.poscar
000564.poscar	unary-Ta/Ta-00187-2.poscar
000565.poscar	unary-Ta/Ta-00188-0.poscar
000566.poscar	unary-Ta/Ta-00188-1.poscar
000567.poscar	unary-Ta/Ta-00188-2.poscar
000568.poscar	unary-Ta/Ta-00189-0.poscar
000569.poscar	unary-Ta/Ta-00189-1.poscar
000570.poscar	unary-Ta/Ta-00189-2.poscar
000571.poscar	unary-Ta/Ta-00190-0.poscar
000572.poscar	unary-Ta/Ta-00190-1.poscar
000573.poscar	unary-Ta/Ta-00190-2.poscar
000574.poscar	unary-Ta/Ta-00191-0.poscar
000575.poscar	unary-Ta/Ta-00191-1.poscar
000576.poscar	unary-Ta/Ta-00191-2.poscar
000577.poscar	unary-Ta/Ta-00192-0.poscar
000578.poscar	unary-Ta/Ta-00192-1.poscar
000579.poscar	unary-Ta/Ta-00192-2.poscar
000580.poscar	unary-Ta/Ta-00193-0.poscar
000581.poscar	unary-Ta/Ta-00193-1.poscar
000582.poscar	unary-Ta/Ta-00193-2.poscar
000583.poscar	unary-Ta/Ta-00194-0.poscar
000584.poscar	unary-Ta/Ta-00194-1.poscar
000585.poscar	unary-Ta/Ta-00194-2.poscar
000586.poscar	unary-Ta/Ta-00195-0.poscar
000587.poscar	unary-Ta/Ta-00195-1.poscar
000588.poscar	unary-Ta/Ta-00195-2.poscar
000589.poscar	unary-Ta/Ta-00196-0.poscar
000590.poscar	unary-Ta/Ta-00196-1.poscar
000591.poscar	unary-Ta/Ta-00196-2.poscar
000592.poscar	unary-Ta/Ta-00197-0.poscar
000593.poscar	unary-Ta/Ta-00197-1.poscar
000594.poscar	unary-Ta/Ta-00197-2.poscar
000595.poscar	unary-Ta/Ta-00198-0.poscar
000596.poscar	unary-Ta/Ta-00198-1.poscar
000597.poscar	unary-Ta/Ta-00198-2.poscar
000598.poscar	unary-Ta/Ta-00199-0.poscar
000599.poscar	unary-Ta/Ta-00199-1.poscar
000600.poscar	unary-Ta/Ta-00199-2.poscar
000601.poscar	unary-Ta/Ta-00200-0.poscar
000602.poscar	unary-Ta/Ta-00200-1.poscar
000603.poscar	unary-Ta/Ta-00200-2.poscar
000604.poscar	unary-Ta/Ta-00201-0.poscar
000605.poscar	unary-Ta/Ta-00201-1.poscar
000606.poscar	unary-Ta/Ta-00201-2.poscar
000607.poscar	unary-Ta/Ta-00202-0.poscar
000608.poscar	unary-Ta/Ta-00202-1.poscar
000609.poscar	unary-Ta/Ta-00202-2.poscar
000610.poscar	unary-Ta/Ta-00203-0.poscar
000611.poscar	unary-Ta/Ta-00203-1.poscar
000612.poscar	unary-Ta/Ta-00203-2.poscar
000613.poscar	unary-Ta/Ta-00204-0.poscar
000614.poscar	unary-Ta/Ta-00204-1.poscar
000615.poscar	unary-Ta/Ta-00204-2.poscar
000616.poscar	unary-Ta/Ta-00205-0.poscar
000617.poscar	unary-Ta/Ta-00205-1.poscar
000618.poscar	unary-Ta/Ta-00205-2.poscar
000619.poscar	unary-Ta/Ta-00206-0.poscar
000620.poscar	unary-Ta/Ta-00206-1.poscar
000621.poscar	unary-Ta/Ta-00206-2.poscar
000622.poscar	unary-Ta/Ta-00207-0.poscar
000623.poscar	unary-Ta/Ta-00207-1.poscar
000624.poscar	unary-Ta/Ta-00207-2.poscar
000625.poscar	unary-Ta/Ta-00208-0.poscar
000626.poscar	unary-Ta/Ta-00208-1.poscar
000627.poscar	unary-Ta/Ta-00208-2.poscar
000628.poscar	unary-Ta/Ta-00209-0.poscar
000629.poscar	unary-Ta/Ta-00209-1.poscar
000630.poscar	unary-Ta/Ta-00209-2.poscar
000631.poscar	unary-Ta/Ta-00210-0.poscar
000632.poscar	unary-Ta/Ta-00210-1.poscar
000633.poscar	unary-Ta/Ta-00210-2.poscar
000634.poscar	unary-Ta/Ta-00211-0.poscar
000635.poscar	unary-Ta/Ta-00211-1.poscar
000636.poscar	unary-Ta/Ta-00211-2.poscar
000637.poscar	unary-Ta/Ta-00212-0.poscar
000638.poscar	unary-Ta/Ta-00212-1.poscar
000639.poscar	unary-Ta/Ta-00212-2.poscar
000640.poscar	unary-Ta/Ta-00213-0.poscar
000641.poscar	unary-Ta/Ta-00213-1.poscar
000642.poscar	unary-Ta/Ta-00213-2.poscar
000643.poscar	unary-Ta/Ta-00214-0.poscar
000644.poscar	unary-Ta/Ta-00214-1.poscar
000645.poscar	unary-Ta/Ta-00214-2.poscar
000646.poscar	unary-Ta/Ta-00215-0.poscar
000647.poscar	unary-Ta/Ta-00215-1.poscar
000648.poscar	unary-Ta/Ta-00215-2.poscar
000649.poscar	unary-Ta/Ta-00216-0.poscar
000650.poscar	unary-Ta/Ta-00216-1.poscar
000651.poscar	unary-Ta/Ta-00216-2.poscar
000652.poscar	unary-Ta/Ta-00217-0.poscar
000653.poscar	unary-Ta/Ta-00217-1.poscar
000654.poscar	unary-Ta/Ta-00217-2.poscar
000655.poscar	unary-Ta/Ta-00218-0.poscar
000656.poscar	unary-Ta/Ta-00218-1.poscar
000657.poscar	unary-Ta/Ta-00218-2.poscar
000658.poscar	unary-Ta/Ta-00219-0.poscar
000659.poscar	unary-Ta/Ta-00219-1.poscar
000660.poscar	unary-Ta/Ta-00219-2.poscar
000661.poscar	unary-Ta/Ta-00220-0.poscar
000662.poscar	unary-Ta/Ta-00220-1.poscar
000663.poscar	unary-Ta/Ta-00220-2.poscar
000664.poscar	unary-Ta/Ta-00221-0.poscar
000665.poscar	unary-Ta/Ta-00221-1.poscar
000666.poscar	unary-Ta/Ta-00221-2.poscar
000667.poscar	unary-Ta/Ta-00222-0.poscar
000668.poscar	unary-Ta/Ta-00222-1.poscar
000669.poscar	unary-Ta/Ta-00222-2.poscar
000670.poscar	unary-Ta/Ta-00223-0.poscar
000671.poscar	unary-Ta/Ta-00223-1.poscar
000672.poscar	unary-Ta/Ta-00223-2.poscar
000673.poscar	unary-Ta/Ta-00224-0.poscar
000674.poscar	unary-Ta/Ta-00224-1.poscar
000675.poscar	unary-Ta/Ta-00224-2.poscar
000676.poscar	unary-Ta/Ta-00225-0.poscar
000677.poscar	unary-Ta/Ta-00225-1.poscar
000678.poscar	unary-Ta/Ta-00225-2.poscar
000679.poscar	unary-Ta/Ta-00226-0.poscar
000680.poscar	unary-Ta/Ta-00226-1.poscar
000681.poscar	unary-Ta/Ta-00226-2.poscar
000682.poscar	unary-Ta/Ta-00227-0.poscar
000683.poscar	unary-Ta/Ta-00227-1.poscar
000684.poscar	unary-Ta/Ta-00227-2.poscar
000685.poscar	unary-Ta/Ta-00228-0.poscar
000686.poscar	unary-Ta/Ta-00228-1.poscar
000687.poscar	unary-Ta/Ta-00228-2.poscar
000688.poscar	unary-Ta/Ta-00229-0.poscar
000689.poscar	unary-Ta/Ta-00229-1.poscar
000690.poscar	unary-Ta/Ta-00229-2.poscar
000691.poscar	unary-Ta/Ta-00230-0.poscar
000692.poscar	unary-Ta/Ta-00230-1.poscar
000693.poscar	unary-Ta/Ta-00230-2.poscar
000694.poscar	unary-Ta/Ta-00231-0.poscar
000695.poscar	unary-Ta/Ta-00231-1.poscar
000696.poscar	unary-Ta/Ta-00231-2.poscar
000697.poscar	unary-Ta/Ta-00232-0.poscar
000698.poscar	unary-Ta/Ta-00232-1.poscar
000699.poscar	unary-Ta/Ta-00232-2.poscar
000700.poscar	unary-Ta/Ta-00233-0.poscar
000701.poscar	unary-Ta/Ta-00233-1.poscar
000702.poscar	unary-Ta/Ta-00233-2.poscar
000703.poscar	unary-Ta/Ta-00234-0.poscar
000704.poscar	unary-Ta/Ta-00234-1.poscar
000705.poscar	unary-Ta/Ta-00234-2.poscar
000706.poscar	unary-Ta/Ta-00235-0.poscar
000707.poscar	unary-Ta/Ta-00235-1.poscar
000708.poscar	unary-Ta/Ta-00235-2.poscar
000709.poscar	unary-Ta/Ta-00236-0.poscar
000710.poscar	unary-Ta/Ta-00236-1.poscar
000711.poscar	unary-Ta/Ta-00236-2.poscar
000712.poscar	unary-Ta/Ta-00237-0.poscar
000713.poscar	unary-Ta/Ta-00237-1.poscar
000714.poscar	unary-Ta/Ta-00237-2.poscar
000715.poscar	unary-Ta/Ta-00238-0.poscar
000716.poscar	unary-Ta/Ta-00238-1.poscar
000717.poscar	unary-Ta/Ta-00238-2.poscar
000718.poscar	unary-Ta/Ta-00239-0.poscar
000719.poscar	unary-Ta/Ta-00239-1.poscar
000720.poscar	unary-Ta/Ta-00239-2.poscar
000721.poscar	unary-Ta/Ta-00240-0.poscar
000722.poscar	unary-Ta/Ta-00240-1.poscar
000723.poscar	unary-Ta/Ta-00240-2.poscar
000724.poscar	unary-Ta/Ta-00241-0.poscar
000725.poscar	unary-Ta/Ta-00241-1.poscar
000726.poscar	unary-Ta/Ta-00241-2.poscar
000727.poscar	unary-Ta/Ta-00242-0.poscar
000728.poscar	unary-Ta/Ta-00242-1.poscar
000729.poscar	unary-Ta/Ta-00242-2.poscar
000730.poscar	unary-Ta/Ta-00243-0.poscar
000731.poscar	unary-Ta/Ta-00243-1.poscar
000732.poscar	unary-Ta/Ta-00243-2.poscar
000733.poscar	unary-Ta/Ta-00244-0.poscar
000734.poscar	unary-Ta/Ta-00244-1.poscar
000735.poscar	unary-Ta/Ta-00244-2.poscar
000736.poscar	unary-Ta/Ta-00245-0.poscar
000737.poscar	unary-Ta/Ta-00245-1.poscar
000738.poscar	unary-Ta/Ta-00245-2.poscar
000739.poscar	unary-Ta/Ta-00246-0.poscar
000740.poscar	unary-Ta/Ta-00246-1.poscar
000741.poscar	unary-Ta/Ta-00246-2.poscar
000742.poscar	unary-Ta/Ta-00247-0.poscar
000743.poscar	unary-Ta/Ta-00247-1.poscar
000744.poscar	unary-Ta/Ta-00247-2.poscar
000745.poscar	unary-Ta/Ta-00248-0.poscar
000746.poscar	unary-Ta/Ta-00248-1.poscar
000747.poscar	unary-Ta/Ta-00248-2.poscar
000748.poscar	unary-Ta/Ta-00249-0.poscar
000749.poscar	unary-Ta/Ta-00249-1.poscar
000750.poscar	unary-Ta/Ta-00249-2.poscar
000751.poscar	unary-Ta/Ta-00250-0.poscar
000752.poscar	unary-Ta/Ta-00250-1.poscar
000753.poscar	unary-Ta/Ta-00250-2.poscar
000754.poscar	unary-Ta/Ta-00251-0.poscar
000755.poscar	unary-Ta/Ta-00251-1.poscar
000756.poscar	unary-Ta/Ta-00251-2.poscar
000757.poscar	unary-Ta/Ta-00252-0.poscar
000758.poscar	unary-Ta/Ta-00252-1.poscar
000759.poscar	unary-Ta/Ta-00252-2.poscar
000760.poscar	unary-Ta/Ta-00253-0.poscar
000761.poscar	unary-Ta/Ta-00253-1.poscar
000762.poscar	unary-Ta/Ta-00253-2.poscar
000763.poscar	unary-Ta/Ta-00254-0.poscar
000764.poscar	unary-Ta/Ta-00254-1.poscar
000765.poscar	unary-Ta/Ta-00254-2.poscar
000766.poscar	unary-Ta/Ta-00255-0.poscar
000767.poscar	unary-Ta/Ta-00255-1.poscar
000768.poscar	unary-Ta/Ta-00255-2.poscar
000769.poscar	unary-Ta/Ta-00256-0.poscar
000770.poscar	unary-Ta/Ta-00256-1.poscar
000771.poscar	unary-Ta/Ta-00256-2.poscar
000772.poscar	unary-Ta/Ta-00257-0.poscar
000773.poscar	unary-Ta/Ta-00257-1.poscar
000774.poscar	unary-Ta/Ta-00257-2.poscar
000775.poscar	unary-Ta/Ta-00258-0.poscar
000776.poscar	unary-Ta/Ta-00258-1.poscar
000777.poscar	unary-Ta/Ta-00258-2.poscar
000778.poscar	unary-Ta/Ta-00259-0.poscar
000779.poscar	unary-Ta/Ta-00259-1.poscar
000780.poscar	unary-Ta/Ta-00259-2.poscar
000781.poscar	unary-Ta/Ta-00260-0.poscar
000782.poscar	unary-Ta/Ta-00260-1.poscar
000783.poscar	unary-Ta/Ta-00260-2.poscar
000784.poscar	unary-Ta/Ta-00261-0.poscar
000785.poscar	unary-Ta/Ta-00261-1.poscar
000786.poscar	unary-Ta/Ta-00261-2.poscar
000787.poscar	unary-Ta/Ta-00262-0.poscar
000788.poscar	unary-Ta/Ta-00262-1.poscar
000789.poscar	unary-Ta/Ta-00262-2.poscar
000790.poscar	unary-Ta/Ta-00263-0.poscar
000791.poscar	unary-Ta/Ta-00263-1.poscar
000792.poscar	unary-Ta/Ta-00263-2.poscar
000793.poscar	unary-Ta/Ta-00264-0.poscar
000794.poscar	unary-Ta/Ta-00264-1.poscar
000795.poscar	unary-Ta/Ta-00264-2.poscar
000796.poscar	unary-Ta/Ta-00265-0.poscar
000797.poscar	unary-Ta/Ta-00265-1.poscar
000798.poscar	unary-Ta/Ta-00265-2.poscar
000799.poscar	unary-Ta/Ta-00266-0.poscar
000800.poscar	unary-Ta/Ta-00266-1.poscar
000801.poscar	unary-Ta/Ta-00266-2.poscar
000802.poscar	unary-Ta/Ta-00267-0.poscar
000803.poscar	unary-Ta/Ta-00267-1.poscar
000804.poscar	unary-Ta/Ta-00267-2.poscar
000805.poscar	unary-Ta/Ta-00268-0.poscar
000806.poscar	unary-Ta/Ta-00268-1.poscar
000807.poscar	unary-Ta/Ta-00268-2.poscar
000808.poscar	unary-Ta/Ta-00269-0.poscar
000809.poscar	unary-Ta/Ta-00269-1.poscar
000810.poscar	unary-Ta/Ta-00269-2.poscar
000811.poscar	unary-Ta/Ta-00270-0.poscar
000812.poscar	unary-Ta/Ta-00270-1.poscar
000813.poscar	unary-Ta/Ta-00270-2.poscar
000814.poscar	unary-Ta/Ta-00271-0.poscar
000815.poscar	unary-Ta/Ta-00271-1.poscar
000816.poscar	unary-Ta/Ta-00271-2.poscar
000817.poscar	unary-Ta/Ta-00272-0.poscar
000818.poscar	unary-Ta/Ta-00272-1.poscar
000819.poscar	unary-Ta/Ta-00272-2.poscar
000820.poscar	unary-Ta/Ta-00273-0.poscar
000821.poscar	unary-Ta/Ta-00273-1.poscar
000822.poscar	unary-Ta/Ta-00273-2.poscar
000823.poscar	unary-Ta/Ta-00274-0.poscar
000824.poscar	unary-Ta/Ta-00274-1.poscar
000825.poscar	unary-Ta/Ta-00274-2.poscar
000826.poscar	unary-Ta/Ta-00275-0.poscar
000827.poscar	unary-Ta/Ta-00275-1.poscar
000828.poscar	unary-Ta/Ta-00275-2.poscar
000829.poscar	unary-Ta/Ta-00276-0.poscar
000830.poscar	unary-Ta/Ta-00276-1.poscar
000831.poscar	unary-Ta/Ta-00276-2.poscar
000832.poscar	unary-Ta/Ta-00277-0.poscar
000833.poscar	unary-Ta/Ta-00277-1.poscar
000834.poscar	unary-Ta/Ta-00277-2.poscar
000835.poscar	unary-Ta/Ta-00278-0.poscar
000836.poscar	unary-Ta/Ta-00278-1.poscar
000837.poscar	unary-Ta/Ta-00278-2.poscar
000838.poscar	unary-Ta/Ta-00279-0.poscar
000839.poscar	unary-Ta/Ta-00279-1.poscar
000840.poscar	unary-Ta/Ta-00279-2.poscar
000841.poscar	unary-Ta/Ta-00280-0.poscar
000842.poscar	unary-Ta/Ta-00280-1.poscar
000843.poscar	unary-Ta/Ta-00280-2.poscar
000844.poscar	unary-Ta/Ta-00281-0.poscar
000845.poscar	unary-Ta/Ta-00281-1.poscar
000846.poscar	unary-Ta/Ta-00281-2.poscar
000847.poscar	unary-Ta/Ta-00282-0.poscar
000848.poscar	unary-Ta/Ta-00282-1.poscar
000849.poscar	unary-Ta/Ta-00282-2.poscar
000850.poscar	unary-Ta/Ta-00283-0.poscar
000851.poscar	unary-Ta/Ta-00283-1.poscar
000852.poscar	unary-Ta/Ta-00283-2.poscar
000853.poscar	unary-Ta/Ta-00284-0.poscar
000854.poscar	unary-Ta/Ta-00284-1.poscar
000855.poscar	unary-Ta/Ta-00284-2.poscar
000856.poscar	unary-Ta/Ta-00285-0.poscar
000857.poscar	unary-Ta/Ta-00285-1.poscar
000858.poscar	unary-Ta/Ta-00285-2.poscar
000859.poscar	unary-Ta/Ta-00286-0.poscar
000860.poscar	unary-Ta/Ta-00286-1.poscar
000861.poscar	unary-Ta/Ta-00286-2.poscar
000862.poscar	unary-Ta/Ta-00287-0.poscar
000863.poscar	unary-Ta/Ta-00287-1.poscar
000864.poscar	unary-Ta/Ta-00287-2.poscar
000865.poscar	unary-Ta/Ta-00288-0.poscar
000866.poscar	unary-Ta/Ta-00288-1.poscar
000867.poscar	unary-Ta/Ta-00288-2.poscar
000868.poscar	unary-Ta/Ta-00289-0.poscar
000869.poscar	unary-Ta/Ta-00289-1.poscar
000870.poscar	unary-Ta/Ta-00289-2.poscar
000871.poscar	unary-Ta/Ta-00290-0.poscar
000872.poscar	unary-Ta/Ta-00290-1.poscar
000873.poscar	unary-Ta/Ta-00290-2.poscar
000874.poscar	unary-Ta/Ta-00291-0.poscar
000875.poscar	unary-Ta/Ta-00291-1.poscar
000876.poscar	unary-Ta/Ta-00291-2.poscar
000877.poscar	unary-Ta/Ta-00292-0.poscar
000878.poscar	unary-Ta/Ta-00292-1.poscar
000879.poscar	unary-Ta/Ta-00292-2.poscar
000880.poscar	unary-Ta/Ta-00293-0.poscar
000881.poscar	unary-Ta/Ta-00293-1.poscar
000882.poscar	unary-Ta/Ta-00293-2.poscar
000883.poscar	unary-Ta/Ta-00294-0.poscar
000884.poscar	unary-Ta/Ta-00294-1.poscar
000885.poscar	unary-Ta/Ta-00294-2.poscar
000886.poscar	unary-Ta/Ta-00295-0.poscar
000887.poscar	unary-Ta/Ta-00295-1.poscar
000888.poscar	unary-Ta/Ta-00295-2.poscar
000889.poscar	unary-Ta/Ta-00296-0.poscar
000890.poscar	unary-Ta/Ta-00296-1.poscar
000891.poscar	unary-Ta/Ta-00296-2.poscar
000892.poscar	unary-Ta/Ta-00297-0.poscar
000893.poscar	unary-Ta/Ta-00297-1.poscar
000894.poscar	unary-Ta/Ta-00297-2.poscar
000895.poscar	unary-Ta/Ta-00298-0.poscar
000896.poscar	unary-Ta/Ta-00298-1.poscar
000897.poscar	unary-Ta/Ta-00298-2.poscar
000898.poscar	unary-Ta/Ta-00299-0.poscar
000899.poscar	unary-Ta/Ta-00299-1.poscar
000900.poscar	unary-Ta/Ta-00299-2.poscar
000901.poscar	unary-Ta/Ta-00300-0.poscar
000902.poscar	unary-Ta/Ta-00300-1.poscar
000903.poscar	unary-Ta/Ta-00300-2.poscar
000904.poscar	unary-Ta/Ta-00301-0.poscar
000905.poscar	unary-Ta/Ta-00301-1.poscar
000906.poscar	unary-Ta/Ta-00301-2.poscar
000907.poscar	unary-Ta/Ta-00302-0.poscar
000908.poscar	unary-Ta/Ta-00302-1.poscar
000909.poscar	unary-Ta/Ta-00302-2.poscar
000910.poscar	unary-Ta/Ta-00303-0.poscar
000911.poscar	unary-Ta/Ta-00303-1.poscar
000912.poscar	unary-Ta/Ta-00303-2.poscar
000913.poscar	unary-Ta/Ta-00304-0.poscar
000914.poscar	unary-Ta/Ta-00304-1.poscar
000915.poscar	unary-Ta/Ta-00304-2.poscar
000916.poscar	unary-Ta/Ta-00305-0.poscar
000917.poscar	unary-Ta/Ta-00305-1.poscar
000918.poscar	unary-Ta/Ta-00305-2.poscar
000919.poscar	unary-Ta/Ta-00306-0.poscar
000920.poscar	unary-Ta/Ta-00306-1.poscar
000921.poscar	unary-Ta/Ta-00306-2.poscar
000922.poscar	unary-Ta/Ta-00307-0.poscar
000923.poscar	unary-Ta/Ta-00307-1.poscar
000924.poscar	unary-Ta/Ta-00307-2.poscar
000925.poscar	unary-Ta/Ta-00308-0.poscar
000926.poscar	unary-Ta/Ta-00308-1.poscar
000927.poscar	unary-Ta/Ta-00308-2.poscar
000928.poscar	unary-Ta/Ta-00309-0.poscar
000929.poscar	unary-Ta/Ta-00309-1.poscar
000930.poscar	unary-Ta/Ta-00309-2.poscar
000931.poscar	unary-Ta/Ta-00310-0.poscar
000932.poscar	unary-Ta/Ta-00310-1.poscar
000933.poscar	unary-Ta/Ta-00310-2.poscar
000934.poscar	unary-Ta/Ta-00311-0.poscar
000935.poscar	unary-Ta/Ta-00311-1.poscar
000936.poscar	unary-Ta/Ta-00311-2.poscar
000937.poscar	unary-Ta/Ta-00312-0.poscar
000938.poscar	unary-Ta/Ta-00312-1.poscar
000939.poscar	unary-Ta/Ta-00312-2.poscar
000940.poscar	unary-Ta/Ta-00313-0.poscar
000941.poscar	unary-Ta/Ta-00313-1.poscar
000942.poscar	unary-Ta/Ta-00313-2.poscar
000943.poscar	unary-Ta/Ta-00314-0.poscar
000944.poscar	unary-Ta/Ta-00314-1.poscar
000945.poscar	unary-Ta/Ta-00314-2.poscar
000946.poscar	unary-Ta/Ta-00315-0.poscar
000947.poscar	unary-Ta/Ta-00315-1.poscar
000948.poscar	unary-Ta/Ta-00315-2.poscar
000949.poscar	unary-Ta/Ta-00316-0.poscar
000950.poscar	unary-Ta/Ta-00316-1.poscar
000951.poscar	unary-Ta/Ta-00316-2.poscar
000952.poscar	unary-Ta/Ta-00317-0.poscar
000953.poscar	unary-Ta/Ta-00317-1.poscar
000954.poscar	unary-Ta/Ta-00317-2.poscar
000955.poscar	unary-Ta/Ta-00318-0.poscar
000956.poscar	unary-Ta/Ta-00318-1.poscar
000957.poscar	unary-Ta/Ta-00318-2.poscar
000958.poscar	unary-Ta/Ta-00319-0.poscar
000959.poscar	unary-Ta/Ta-00319-1.poscar
000960.poscar	unary-Ta/Ta-00319-2.poscar
000961.poscar	unary-Ta/Ta-00320-0.poscar
000962.poscar	unary-Ta/Ta-00320-1.poscar
000963.poscar	unary-Ta/Ta-00320-2.poscar
000964.poscar	unary-Ta/Ta-00321-0.poscar
000965.poscar	unary-Ta/Ta-00321-1.poscar
000966.poscar	unary-Ta/Ta-00321-2.poscar
000967.poscar	unary-Ta/Ta-00322-0.poscar
000968.poscar	unary-Ta/Ta-00322-1.poscar
000969.poscar	unary-Ta/Ta-00322-2.poscar
000970.poscar	unary-Ta/Ta-00323-0.poscar
000971.poscar	unary-Ta/Ta-00323-1.poscar
000972.poscar	unary-Ta/Ta-00323-2.poscar
000973.poscar	unary-Ta/Ta-00324-0.poscar
000974.poscar	unary-Ta/Ta-00324-1.poscar
000975.poscar	unary-Ta/Ta-00324-2.poscar
000976.poscar	unary-Ta/Ta-00325-0.poscar
000977.poscar	unary-Ta/Ta-00325-1.poscar
000978.poscar	unary-Ta/Ta-00325-2.poscar
000979.poscar	unary-Ta/Ta-00326-0.poscar
000980.poscar	unary-Ta/Ta-00326-1.poscar
000981.poscar	unary-Ta/Ta-00326-2.poscar
000982.poscar	unary-Ta/Ta-00327-0.poscar
000983.poscar	unary-Ta/Ta-00327-1.poscar
000984.poscar	unary-Ta/Ta-00327-2.poscar
000985.poscar	unary-Ta/Ta-00328-0.poscar
000986.poscar	unary-Ta/Ta-00328-1.poscar
000987.poscar	unary-Ta/Ta-00328-2.poscar
000988.poscar	unary-Ta/Ta-00329-0.poscar
000989.poscar	unary-Ta/Ta-00329-1.poscar
000990.poscar	unary-Ta/Ta-00329-2.poscar
000991.poscar	unary-Ta/Ta-00330-0.poscar
000992.poscar	unary-Ta/Ta-00330-1.poscar
000993.poscar	unary-Ta/Ta-00330-2.poscar
000994.poscar	unary-Ta/Ta-00331-0.poscar
000995.poscar	unary-Ta/Ta-00331-1.poscar
000996.poscar	unary-Ta/Ta-00331-2.poscar
000997.poscar	unary-Ta/Ta-00332-0.poscar
000998.poscar	unary-Ta/Ta-00332-1.poscar
000999.poscar	unary-Ta/Ta-00332-2.poscar
001000.poscar	unary-Ta/Ta-00333-0.poscar
001001.poscar	unary-Ta/Ta-00333-1.poscar
001002.poscar	unary-Ta/Ta-00333-2.poscar
001003.poscar	unary-Ta/Ta-00334-0.poscar
001004.poscar	unary-Ta/Ta-00334-1.poscar
001005.poscar	unary-Ta/Ta-00334-2.poscar
001006.poscar	unary-Ta/Ta-00335-0.poscar
001007.poscar	unary-Ta/Ta-00335-1.poscar
001008.poscar	unary-Ta/Ta-00335-2.poscar
001009.poscar	unary-Ta/Ta-00336-0.poscar
001010.poscar	unary-Ta/Ta-00336-1.poscar
001011.poscar	unary-Ta/Ta-00336-2.poscar
001012.poscar	unary-Ta/Ta-00337-0.poscar
001013.poscar	unary-Ta/Ta-00337-1.poscar
001014.poscar	unary-Ta/Ta-00337-2.poscar
001015.poscar	unary-Ta/Ta-00338-0.poscar
001016.poscar	unary-Ta/Ta-00338-1.poscar
001017.poscar	unary-Ta/Ta-00338-2.poscar
001018.poscar	unary-Ta/Ta-00339-0.poscar
001019.poscar	unary-Ta/Ta-00339-1.poscar
001020.poscar	unary-Ta/Ta-00339-2.poscar
001021.poscar	unary-Ta/Ta-00340-0.poscar
001022.poscar	unary-Ta/Ta-00340-1.poscar
001023.poscar	unary-Ta/Ta-00340-2.poscar
001024.poscar	unary-Ta/Ta-00341-0.poscar
001025.poscar	unary-Ta/Ta-00341-1.poscar
001026.poscar	unary-Ta/Ta-00341-2.poscar
001027.poscar	unary-Ta/Ta-00342-0.poscar
001028.poscar	unary-Ta/Ta-00342-1.poscar
001029.poscar	unary-Ta/Ta-00342-2.poscar
001030.poscar	unary-Ta/Ta-00343-0.poscar
001031.poscar	unary-Ta/Ta-00343-1.poscar
001032.poscar	unary-Ta/Ta-00343-2.poscar
001033.poscar	unary-Ta/Ta-00344-0.poscar
001034.poscar	unary-Ta/Ta-00344-1.poscar
001035.poscar	unary-Ta/Ta-00344-2.poscar
001036.poscar	unary-Ta/Ta-00345-0.poscar
001037.poscar	unary-Ta/Ta-00345-1.poscar
001038.poscar	unary-Ta/Ta-00345-2.poscar
001039.poscar	unary-Ta/Ta-00346-0.poscar
001040.poscar	unary-Ta/Ta-00346-1.poscar
001041.poscar	unary-Ta/Ta-00346-2.poscar
001042.poscar	unary-Ta/Ta-00347-0.poscar
001043.poscar	unary-Ta/Ta-00347-1.poscar
001044.poscar	unary-Ta/Ta-00347-2.poscar
001045.poscar	unary-Ta/Ta-00348-0.poscar
001046.poscar	unary-Ta/Ta-00348-1.poscar
001047.poscar	unary-Ta/Ta-00348-2.poscar
001048.poscar	unary-Ta/Ta-00349-0.poscar
001049.poscar	unary-Ta/Ta-00349-1.poscar
001050.poscar	unary-Ta/Ta-00349-2.poscar
001051.poscar	unary-Ta/Ta-00350-0.poscar
001052.poscar	unary-Ta/Ta-00350-1.poscar
001053.poscar	unary-Ta/Ta-00350-2.poscar
001054.poscar	unary-Ta/Ta-00351-0.poscar
001055.poscar	unary-Ta/Ta-00351-1.poscar
001056.poscar	unary-Ta/Ta-00351-2.poscar
001057.poscar	unary-Ta/Ta-00352-0.poscar
001058.poscar	unary-Ta/Ta-00352-1.poscar
001059.poscar	unary-Ta/Ta-00352-2.poscar
001060.poscar	unary-Ta/Ta-00353-0.poscar
001061.poscar	unary-Ta/Ta-00353-1.poscar
001062.poscar	unary-Ta/Ta-00353-2.poscar
001063.poscar	unary-Ta/Ta-00354-0.poscar
001064.poscar	unary-Ta/Ta-00354-1.poscar
001065.poscar	unary-Ta/Ta-00354-2.poscar
001066.poscar	unary-Ta/Ta-00355-0.poscar
001067.poscar	unary-Ta/Ta-00355-1.poscar
001068.poscar	unary-Ta/Ta-00355-2.poscar
001069.poscar	unary-Ta/Ta-00356-0.poscar
001070.poscar	unary-Ta/Ta-00356-1.poscar
001071.poscar	unary-Ta/Ta-00356-2.poscar
001072.poscar	unary-Ta/Ta-00357-0.poscar
001073.poscar	unary-Ta/Ta-00357-1.poscar
001074.poscar	unary-Ta/Ta-00357-2.poscar
001075.poscar	unary-Ta/Ta-00358-0.poscar
001076.poscar	unary-Ta/Ta-00358-1.poscar
001077.poscar	unary-Ta/Ta-00358-2.poscar
001078.poscar	unary-Ta/Ta-00359-0.poscar
001079.poscar	unary-Ta/Ta-00359-1.poscar
001080.poscar	unary-Ta/Ta-00359-2.poscar
001081.poscar	unary-Ta/Ta-00360-0.poscar
001082.poscar	unary-Ta/Ta-00360-1.poscar
001083.poscar	unary-Ta/Ta-00360-2.poscar
001084.poscar	unary-Ta/Ta-00361-0.poscar
001085.poscar	unary-Ta/Ta-00361-1.poscar
001086.poscar	unary-Ta/Ta-00361-2.poscar
001087.poscar	unary-Ta/Ta-00362-0.poscar
001088.poscar	unary-Ta/Ta-00362-1.poscar
001089.poscar	unary-Ta/Ta-00362-2.poscar
001090.poscar	unary-Ta/Ta-00363-0.poscar
001091.poscar	unary-Ta/Ta-00363-1.poscar
001092.poscar	unary-Ta/Ta-00363-2.poscar
001093.poscar	unary-Ta/Ta-00364-0.poscar
001094.poscar	unary-Ta/Ta-00364-1.poscar
001095.poscar	unary-Ta/Ta-00364-2.poscar
001096.poscar	unary-Ta/Ta-00365-0.poscar
001097.poscar	unary-Ta/Ta-00365-1.poscar
001098.poscar	unary-Ta/Ta-00365-2.poscar
001099.poscar	unary-Ta/Ta-00366-0.poscar
001100.poscar	unary-Ta/Ta-00366-1.poscar
001101.poscar	unary-Ta/Ta-00366-2.poscar
001102.poscar	unary-Ta/Ta-00367-0.poscar
001103.poscar	unary-Ta/Ta-00367-1.poscar
001104.poscar	unary-Ta/Ta-00367-2.poscar
001105.poscar	unary-Ta/Ta-00368-0.poscar
001106.poscar	unary-Ta/Ta-00368-1.poscar
001107.poscar	unary-Ta/Ta-00368-2.poscar
001108.poscar	unary-Ta/Ta-00369-0.poscar
001109.poscar	unary-Ta/Ta-00369-1.poscar
001110.poscar	unary-Ta/Ta-00369-2.poscar
001111.poscar	unary-Ta/Ta-00370-0.poscar
001112.poscar	unary-Ta/Ta-00370-1.poscar
001113.poscar	unary-Ta/Ta-00370-2.poscar
001114.poscar	unary-Ta/Ta-00371-0.poscar
001115.poscar	unary-Ta/Ta-00371-1.poscar
001116.poscar	unary-Ta/Ta-00371-2.poscar
001117.poscar	unary-Ta/Ta-00372-0.poscar
001118.poscar	unary-Ta/Ta-00372-1.poscar
001119.poscar	unary-Ta/Ta-00372-2.poscar
001120.poscar	unary-Ta/Ta-00373-0.poscar
001121.poscar	unary-Ta/Ta-00373-1.poscar
001122.poscar	unary-Ta/Ta-00373-2.poscar
001123.poscar	unary-Ta/Ta-00374-0.poscar
001124.poscar	unary-Ta/Ta-00374-1.poscar
001125.poscar	unary-Ta/Ta-00374-2.poscar
001126.poscar	unary-Ta/Ta-00375-0.poscar
001127.poscar	unary-Ta/Ta-00375-1.poscar
001128.poscar	unary-Ta/Ta-00375-2.poscar
001129.poscar	unary-Ta/Ta-00376-0.poscar
001130.poscar	unary-Ta/Ta-00376-1.poscar
001131.poscar	unary-Ta/Ta-00376-2.poscar
001132.poscar	unary-Ta/Ta-00377-0.poscar
001133.poscar	unary-Ta/Ta-00377-1.poscar
001134.poscar	unary-Ta/Ta-00377-2.poscar
001135.poscar	unary-Ta/Ta-00378-0.poscar
001136.poscar	unary-Ta/Ta-00378-1.poscar
001137.poscar	unary-Ta/Ta-00378-2.poscar
001138.poscar	unary-Ta/Ta-00379-0.poscar
001139.poscar	unary-Ta/Ta-00379-1.poscar
001140.poscar	unary-Ta/Ta-00379-2.poscar
001141.poscar	unary-Ta/Ta-00380-0.poscar
001142.poscar	unary-Ta/Ta-00380-1.poscar
001143.poscar	unary-Ta/Ta-00380-2.poscar
001144.poscar	unary-Ta/Ta-00381-0.poscar
001145.poscar	unary-Ta/Ta-00381-1.poscar
001146.poscar	unary-Ta/Ta-00381-2.poscar
001147.poscar	unary-Ta/Ta-00382-0.poscar
001148.poscar	unary-Ta/Ta-00382-1.poscar
001149.poscar	unary-Ta/Ta-00382-2.poscar
001150.poscar	unary-Ta/Ta-00383-0.poscar
001151.poscar	unary-Ta/Ta-00383-1.poscar
001152.poscar	unary-Ta/Ta-00383-2.poscar
001153.poscar	unary-Ta/Ta-00384-0.poscar
001154.poscar	unary-Ta/Ta-00384-1.poscar
001155.poscar	unary-Ta/Ta-00384-2.poscar
001156.poscar	unary-Ta/Ta-00385-0.poscar
001157.poscar	unary-Ta/Ta-00385-1.poscar
001158.poscar	unary-Ta/Ta-00385-2.poscar
001159.poscar	unary-Ta/Ta-00386-0.poscar
001160.poscar	unary-Ta/Ta-00386-1.poscar
001161.poscar	unary-Ta/Ta-00386-2.poscar
001162.poscar	unary-Ta/Ta-00387-0.poscar
001163.poscar	unary-Ta/Ta-00387-1.poscar
001164.poscar	unary-Ta/Ta-00387-2.poscar
001165.poscar	unary-Ta/Ta-00388-0.poscar
001166.poscar	unary-Ta/Ta-00388-1.poscar
001167.poscar	unary-Ta/Ta-00388-2.poscar
001168.poscar	unary-Ta/Ta-00389-0.poscar
001169.poscar	unary-Ta/Ta-00389-1.poscar
001170.poscar	unary-Ta/Ta-00389-2.poscar
001171.poscar	unary-Ta/Ta-00390-0.poscar
001172.poscar	unary-Ta/Ta-00390-1.poscar
001173.poscar	unary-Ta/Ta-00390-2.poscar
001174.poscar	unary-Ta/Ta-00391-0.poscar
001175.poscar	unary-Ta/Ta-00391-1.poscar
001176.poscar	unary-Ta/Ta-00391-2.poscar
001177.poscar	unary-Ta/Ta-00392-0.poscar
001178.poscar	unary-Ta/Ta-00392-1.poscar
001179.poscar	unary-Ta/Ta-00392-2.poscar
001180.poscar	unary-Ta/Ta-00393-0.poscar
001181.poscar	unary-Ta/Ta-00393-1.poscar
001182.poscar	unary-Ta/Ta-00393-2.poscar
001183.poscar	unary-Ta/Ta-00394-0.poscar
001184.poscar	unary-Ta/Ta-00394-1.poscar
001185.poscar	unary-Ta/Ta-00394-2.poscar
001186.poscar	unary-Ta/Ta-00395-0.poscar
001187.poscar	unary-Ta/Ta-00395-1.poscar
001188.poscar	unary-Ta/Ta-00395-2.poscar
001189.poscar	unary-Ta/Ta-00396-0.poscar
001190.poscar	unary-Ta/Ta-00396-1.poscar
001191.poscar	unary-Ta/Ta-00396-2.poscar
001192.poscar	unary-Ta/Ta-00397-0.poscar
001193.poscar	unary-Ta/Ta-00397-1.poscar
001194.poscar	unary-Ta/Ta-00397-2.poscar
001195.poscar	unary-Ta/Ta-00398-0.poscar
001196.poscar	unary-Ta/Ta-00398-1.poscar
001197.poscar	unary-Ta/Ta-00398-2.poscar
001198.poscar	unary-Ta/Ta-00399-0.poscar
001199.poscar	unary-Ta/Ta-00399-1.poscar
001200.poscar	unary-Ta/Ta-00399-2.poscar
